joint_0_x,joint_0_y,joint_0_z,joint_1_x,joint_1_y,joint_1_z,joint_2_x,joint_2_y,joint_2_z,joint_3_x,joint_3_y,joint_3_z,joint_4_x,joint_4_y,joint_4_z,joint_5_x,joint_5_y,joint_5_z,joint_6_x,joint_6_y,joint_6_z,joint_7_x,joint_7_y,joint_7_z,joint_8_x,joint_8_y,joint_8_z,joint_9_x,joint_9_y,joint_9_z,joint_10_x,joint_10_y,joint_10_z,joint_11_x,joint_11_y,joint_11_z,joint_12_x,joint_12_y,joint_12_z,joint_13_x,joint_13_y,joint_13_z,joint_14_x,joint_14_y,joint_14_z,joint_15_x,joint_15_y,joint_15_z,joint_16_x,joint_16_y,joint_16_z,joint_17_x,joint_17_y,joint_17_z,joint_18_x,joint_18_y,joint_18_z,joint_19_x,joint_19_y,joint_19_z,joint_20_x,joint_20_y,joint_20_z
678,234,3.4987030517186213e-07,734,194,-0.02375836670398712,786,100,-0.03185369074344635,827,34,-0.03953806683421135,867,-15,-0.04841356351971626,712,12,-0.008860387839376926,713,-53,-0.029257243499159813,721,-91,-0.04914052411913872,731,-117,-0.06264214962720871,668,11,-0.010717350989580154,664,-55,-0.02596483752131462,665,-97,-0.0435875840485096,671,-124,-0.056957319378852844,628,24,-0.01742839813232422,616,-43,-0.032003793865442276,611,-86,-0.042883992195129395,615,-115,-0.051002394407987595,591,55,-0.02725532464683056,569,-1,-0.03914911299943924,562,-42,-0.04478873312473297,563,-74,-0.0488760881125927
651,275,3.994171038357308e-07,714,239,-0.031048966571688652,762,145,-0.04555508494377136,801,74,-0.05897054821252823,843,15,-0.0720527246594429,683,36,-0.011932557448744774,680,-40,-0.03670625388622284,692,-76,-0.059226758778095245,705,-87,-0.07257428020238876,634,38,-0.012211395427584648,623,-39,-0.02977549098432064,624,-82,-0.047760482877492905,632,-99,-0.059495098888874054,592,60,-0.018535425886511803,573,-15,-0.03538184612989426,568,-59,-0.04637029767036438,575,-84,-0.05283699929714203,556,102,-0.028664613142609596,531,39,-0.043335024267435074,524,-4,-0.04977290332317352,527,-38,-0.0526832640171051
647,280,3.9209837154885463e-07,714,237,-0.026421763002872467,764,136,-0.03972680866718292,805,62,-0.052628979086875916,851,5,-0.06650744378566742,682,29,-0.014674322679638863,680,-53,-0.039155151695013046,687,-100,-0.061176661401987076,699,-128,-0.07547161728143692,634,34,-0.0172271728515625,623,-48,-0.03642414137721062,623,-95,-0.054853279143571854,630,-121,-0.06753449141979218,594,58,-0.024648768827319145,573,-22,-0.04321356490254402,567,-68,-0.054122764617204666,572,-98,-0.061086881905794144,557,100,-0.03513757884502411,532,34,-0.05185573175549507,525,-9,-0.058725595474243164,526,-47,-0.06227478012442589
611,331,3.5491069638737827e-07,685,279,-0.031204497441649437,737,187,-0.04702720046043396,774,109,-0.061639465391635895,817,46,-0.07668929547071457,655,85,-0.019727954640984535,655,0,-0.04356451705098152,660,-48,-0.06424909830093384,665,-86,-0.07885680347681046,602,89,-0.02251560613512993,588,-2,-0.042269736528396606,585,-58,-0.060436490923166275,584,-103,-0.07367431372404099,558,111,-0.03062998317182064,532,24,-0.050261687487363815,523,-30,-0.062234364449977875,522,-78,-0.07035843282938004,518,152,-0.042396582663059235,487,82,-0.05959701910614967,474,32,-0.06715701520442963,467,-15,-0.07199468463659286
608,333,4.0643823240316124e-07,682,280,-0.02896840125322342,736,188,-0.04435671865940094,772,111,-0.05873940512537956,816,49,-0.07368367165327072,654,86,-0.018057052046060562,657,0,-0.04002028703689575,659,-49,-0.05985685810446739,661,-91,-0.07445399463176727,602,88,-0.021027835085988045,588,-1,-0.03945417329668999,584,-56,-0.057061560451984406,585,-102,-0.07028385996818542,558,109,-0.02883719839155674,534,24,-0.04660670459270477,527,-30,-0.057624079287052155,528,-79,-0.06578405946493149,518,149,-0.0400254987180233,488,80,-0.056482769548892975,477,32,-0.0631888285279274,473,-15,-0.06753187626600266
591,359,3.289473511358665e-07,669,304,-0.03161851316690445,720,213,-0.046374477446079254,757,133,-0.0590488575398922,797,70,-0.07221567630767822,647,111,-0.025990556925535202,643,24,-0.04879699647426605,639,-27,-0.06804575026035309,635,-73,-0.0825037807226181,590,113,-0.027458466589450836,575,21,-0.047169215977191925,572,-33,-0.06390848010778427,571,-81,-0.07667862623929977,541,135,-0.03365645185112953,518,47,-0.05373349040746689,510,-6,-0.06611170619726181,507,-57,-0.07490096241235733,497,175,-0.04318934679031372,468,106,-0.06201818585395813,453,59,-0.07054080814123154,444,12,-0.0759538859128952
592,359,3.943802653338935e-07,670,305,-0.030445048585534096,723,212,-0.044944509863853455,759,133,-0.057816267013549805,803,70,-0.07126025855541229,645,112,-0.021874895319342613,645,22,-0.04348128288984299,640,-30,-0.062369681894779205,637,-74,-0.07657770812511444,589,114,-0.024037403985857964,575,19,-0.04250149056315422,571,-38,-0.059940092265605927,569,-86,-0.07320577651262283,540,136,-0.03088221698999405,519,45,-0.04938346892595291,511,-12,-0.06163951754570007,509,-64,-0.07071410119533539,496,175,-0.04105851799249649,466,105,-0.0596848800778389,451,56,-0.0682029277086258,444,6,-0.07363151758909225
559,396,4.3783811065623013e-07,639,347,-0.039582449942827225,691,262,-0.0589321069419384,726,181,-0.07488945126533508,769,117,-0.09172305464744568,611,164,-0.04345424845814705,611,68,-0.07299022376537323,613,9,-0.09458809345960617,614,-43,-0.11039542406797409,553,165,-0.043243758380413055,542,64,-0.07011498510837555,541,2,-0.08993249386548996,542,-53,-0.10436732321977615,503,190,-0.04774804040789604,477,96,-0.07534344494342804,462,33,-0.09196458756923676,455,-24,-0.1031070277094841,460,234,-0.055730096995830536,423,168,-0.08233130723237991,400,121,-0.09569723904132843,384,73,-0.10408640652894974
559,393,4.927575218971469e-07,639,347,-0.039674073457717896,692,263,-0.0600065179169178,724,185,-0.076508529484272,768,121,-0.09414207190275192,610,162,-0.04311012104153633,609,70,-0.07144010066986084,608,12,-0.09273504465818405,608,-38,-0.10853132605552673,552,165,-0.042519643902778625,538,67,-0.06805363297462463,538,6,-0.08777403831481934,542,-47,-0.10231596231460571,501,191,-0.04636896401643753,477,97,-0.0725763663649559,464,32,-0.08913244307041168,458,-27,-0.10071799159049988,458,235,-0.053522929549217224,423,170,-0.07942116260528564,401,123,-0.09201965481042862,385,73,-0.09998508542776108
542,412,4.995047220290871e-07,621,363,-0.041111696511507034,671,283,-0.06261400878429413,706,206,-0.08064915239810944,747,144,-0.09981387853622437,595,184,-0.04679879918694496,590,88,-0.0772019624710083,586,27,-0.09955231100320816,584,-25,-0.1158345565199852,535,188,-0.046817678958177567,517,90,-0.07504759728908539,512,27,-0.09649480134248734,510,-30,-0.11191173642873764,484,213,-0.05135946720838547,453,121,-0.08031229674816132,436,58,-0.09809616953134537,426,0,-0.10981152951717377,439,257,-0.05934640392661095,398,194,-0.08755698800086975,372,148,-0.10121453553438187,353,100,-0.10927857458591461
540,414,5.216049885348184e-07,619,366,-0.0408906564116478,672,284,-0.060825709253549576,706,207,-0.07701221853494644,748,146,-0.0938745066523552,591,184,-0.040013063699007034,589,90,-0.0674155056476593,585,29,-0.0888390988111496,582,-22,-0.10480991005897522,532,187,-0.0385718047618866,514,89,-0.06349053233861923,506,26,-0.08423297852277756,502,-29,-0.09927450865507126,481,212,-0.04175354167819023,454,119,-0.06807892769575119,436,56,-0.08480284363031387,424,-1,-0.09590872377157211,438,254,-0.04848528653383255,399,192,-0.07460454106330872,374,147,-0.08673343062400818,354,101,-0.09370164573192596
528,432,5.054580469732173e-07,606,382,-0.04166063293814659,657,306,-0.06329100579023361,686,231,-0.08168312162160873,724,167,-0.10118868947029114,575,208,-0.043154943734407425,568,116,-0.07178080081939697,561,57,-0.0930737629532814,553,6,-0.1090041995048523,513,211,-0.042996279895305634,494,114,-0.07034003734588623,485,52,-0.0919777974486351,479,-4,-0.1074909195303917,461,237,-0.047511026263237,428,144,-0.07662474364042282,405,81,-0.09497128427028656,389,21,-0.10697978734970093,416,283,-0.055429644882678986,374,220,-0.08414727449417114,347,175,-0.09813365340232849,325,127,-0.10636954754590988
524,417,5.555445454774599e-07,603,376,-0.04574228823184967,655,303,-0.06970283389091492,685,230,-0.08915112912654877,727,167,-0.10954532772302628,569,208,-0.050007592886686325,565,120,-0.08012611418962479,559,61,-0.10242796689271927,553,10,-0.11868810653686523,510,212,-0.047147687524557114,492,115,-0.07385258376598358,486,54,-0.09375645965337753,483,-1,-0.10849490761756897,459,238,-0.04907122626900673,428,148,-0.07689812779426575,409,87,-0.09281129390001297,397,31,-0.10347414016723633,415,281,-0.05494539812207222,375,219,-0.08204828202724457,348,174,-0.09443143755197525,327,128,-0.10191051661968231
492,458,6.059854626982997e-07,553,411,-0.04823446646332741,591,339,-0.07367976754903793,618,272,-0.09364449977874756,654,216,-0.11487013846635818,492,259,-0.05820265784859657,480,169,-0.08644099533557892,466,111,-0.10803088545799255,449,59,-0.1251221001148224,434,268,-0.05738811567425728,398,160,-0.08525610715150833,373,86,-0.11010006070137024,349,23,-0.1291152387857437,388,298,-0.060704994946718216,337,197,-0.09276065230369568,301,128,-0.11924584954977036,275,69,-0.1370348334312439,356,347,-0.06731195747852325,298,283,-0.10056613385677338,257,242,-0.12055683135986328,221,201,-0.133597269654274
443,438,6.620192607442732e-07,515,406,-0.050908394157886505,564,344,-0.08256927877664566,594,281,-0.10797346383333206,629,227,-0.13542577624320984,472,268,-0.08358132839202881,456,176,-0.12253046035766602,441,115,-0.14756765961647034,423,62,-0.16496503353118896,409,274,-0.08121168613433838,369,169,-0.11705540865659714,345,96,-0.1392015665769577,322,33,-0.15483438968658447,359,303,-0.0818018987774849,304,205,-0.11715410649776459,269,136,-0.13722340762615204,243,75,-0.1500394344329834,319,350,-0.08563655614852905,265,289,-0.11963777244091034,228,247,-0.1353161334991455,197,204,-0.14457829296588898
446,438,5.341801170288818e-07,518,407,-0.0553625226020813,564,344,-0.08807504922151566,592,282,-0.11389666050672531,627,224,-0.14187002182006836,472,266,-0.0849815309047699,455,178,-0.12479428201913834,439,118,-0.15121160447597504,423,65,-0.16991308331489563,410,271,-0.08130255341529846,370,168,-0.11757909506559372,344,97,-0.1408487856388092,322,35,-0.15770594775676727,361,300,-0.08111277967691422,308,203,-0.1178726926445961,274,136,-0.13859149813652039,248,75,-0.15207554399967194,323,348,-0.0846327468752861,267,287,-0.12063944339752197,230,244,-0.13709938526153564,198,202,-0.1470174789428711
433,441,5.726455469812208e-07,502,407,-0.05210237577557564,547,345,-0.08361506462097168,574,284,-0.10879573225975037,605,227,-0.13616065680980682,452,266,-0.084367536008358,434,174,-0.12374618649482727,418,112,-0.14951810240745544,400,58,-0.1676436960697174,389,274,-0.08149155974388123,348,170,-0.11876117438077927,321,98,-0.1436927765607834,298,35,-0.16166095435619354,340,304,-0.0814649686217308,285,207,-0.11798135191202164,249,140,-0.13994134962558746,221,81,-0.15427321195602417,303,350,-0.0847601667046547,245,289,-0.1197587102651596,205,246,-0.13700668513774872,171,203,-0.1476026475429535
419,421,5.883527478545147e-07,493,397,-0.05574941635131836,544,342,-0.09059134870767593,575,285,-0.11853986978530884,608,229,-0.14879250526428223,451,265,-0.09134504199028015,436,176,-0.13213978707790375,420,115,-0.15825790166854858,402,61,-0.17667116224765778,389,269,-0.08781733363866806,350,167,-0.12509004771709442,324,96,-0.1484081745147705,301,34,-0.16567087173461914,339,298,-0.08733700960874557,286,201,-0.1247967779636383,250,135,-0.14587818086147308,222,76,-0.1598884016275406,301,345,-0.09041270613670349,244,286,-0.12705785036087036,206,244,-0.14402742683887482,172,204,-0.15458083152770996
405,445,5.50636173102248e-07,471,402,-0.05145517364144325,510,338,-0.08339676260948181,537,274,-0.10952635854482651,570,216,-0.13736353814601898,421,250,-0.0799490287899971,400,158,-0.119106225669384,380,97,-0.14494319260120392,359,43,-0.16356737911701202,361,257,-0.07813002169132233,320,155,-0.11657799780368805,292,83,-0.14271467924118042,266,20,-0.1613123118877411,314,288,-0.07940774410963058,257,192,-0.11759135872125626,218,126,-0.14039857685565948,188,67,-0.15496282279491425,278,337,-0.08396044373512268,218,275,-0.12047859281301498,177,233,-0.13857094943523407,141,192,-0.14946335554122925
401,441,5.801442739539198e-07,468,403,-0.055258046835660934,506,338,-0.08909821510314941,534,274,-0.11597388237714767,569,215,-0.14457830786705017,420,250,-0.0852479562163353,400,162,-0.12541675567626953,381,104,-0.15126574039459229,362,52,-0.16964003443717957,361,255,-0.08119618147611618,320,153,-0.11978527158498764,293,82,-0.14389297366142273,269,20,-0.16014821827411652,314,287,-0.08058010786771774,255,187,-0.12063691020011902,216,121,-0.1436883956193924,186,61,-0.1574406772851944,281,337,-0.08317603170871735,221,276,-0.12292636930942535,180,236,-0.14187714457511902,145,195,-0.15241330862045288
394,435,5.824754794048204e-07,456,391,-0.04670802503824234,493,327,-0.07474498450756073,516,264,-0.09763434529304504,546,207,-0.12164858728647232,401,240,-0.06608322262763977,381,151,-0.10084810107946396,363,94,-0.12435436993837357,343,43,-0.14082099497318268,344,246,-0.06365379691123962,306,143,-0.09739427268505096,280,72,-0.12033681571483612,257,12,-0.13535714149475098,301,276,-0.06440287828445435,244,179,-0.09845985472202301,207,115,-0.11868584156036377,179,58,-0.13049685955047607,269,322,-0.0682021826505661,210,264,-0.10124527662992477,172,223,-0.11672922223806381,140,181,-0.12483181804418564
387,420,5.892603098800464e-07,451,386,-0.05422600731253624,491,327,-0.08775314688682556,517,266,-0.11445687711238861,548,207,-0.1428006887435913,404,240,-0.08402998745441437,384,152,-0.12317201495170593,365,93,-0.1486452966928482,347,42,-0.16662949323654175,346,245,-0.07959678769111633,306,143,-0.11703182756900787,279,73,-0.1415557861328125,254,13,-0.15875498950481415,301,275,-0.07826855033636093,247,178,-0.11594276875257492,209,115,-0.13818871974945068,179,58,-0.15210308134555817,267,322,-0.08022813498973846,209,261,-0.11687097698450089,171,222,-0.1345866173505783,137,184,-0.14493048191070557
386,408,5.436309038486797e-07,450,376,-0.05173889547586441,489,320,-0.08358225971460342,512,262,-0.10903025418519974,541,205,-0.136030375957489,401,238,-0.08029595762491226,382,154,-0.11808133125305176,364,98,-0.1423606425523758,346,49,-0.15954113006591797,345,243,-0.07647021859884262,309,145,-0.1133679747581482,284,79,-0.13719256222248077,262,23,-0.15372060239315033,301,271,-0.07558251917362213,248,179,-0.1132119745016098,211,117,-0.1348041594028473,181,62,-0.14814861118793488,268,317,-0.07769068330526352,212,259,-0.11421042680740356,175,222,-0.1313692033290863,142,185,-0.14131340384483337
386,401,5.746491638092266e-07,449,372,-0.05415453389286995,487,320,-0.08831281960010529,512,263,-0.11561969667673111,541,205,-0.14463739097118378,400,239,-0.08678370714187622,382,154,-0.1265668272972107,364,97,-0.15183207392692566,346,47,-0.16964301466941833,345,243,-0.0824541300535202,308,146,-0.12101190537214279,282,80,-0.14568735659122467,259,22,-0.16293658316135406,300,272,-0.08097901195287704,248,179,-0.11985596269369125,211,117,-0.14234329760074615,181,61,-0.1564377248287201,267,317,-0.08258957415819168,212,260,-0.120206817984581,175,222,-0.13834428787231445,142,185,-0.14907164871692657
383,407,4.908448545393185e-07,447,375,-0.046096086502075195,488,317,-0.074403315782547,510,257,-0.09735623747110367,537,201,-0.12177195399999619,404,237,-0.07018710672855377,386,153,-0.10464613884687424,370,98,-0.12694567441940308,353,50,-0.14273640513420105,350,242,-0.06767389923334122,316,147,-0.10100678354501724,292,85,-0.12338659167289734,270,31,-0.1392330378293991,307,269,-0.06801415234804153,261,180,-0.1016155332326889,227,121,-0.12231837958097458,199,70,-0.13554075360298157,274,311,-0.07116921991109848,223,255,-0.10428006201982498,188,218,-0.12100818008184433,155,182,-0.1309894323348999
393,409,4.6680679588462226e-07,452,373,-0.042568013072013855,488,315,-0.06751477718353271,507,255,-0.08776739984750748,533,200,-0.10901817679405212,405,235,-0.05999397113919258,388,155,-0.09115418046712875,373,103,-0.11178257316350937,357,57,-0.12649546563625336,354,239,-0.05792350694537163,322,146,-0.0880567654967308,300,86,-0.1082448661327362,282,34,-0.12215419858694077,313,265,-0.05898338928818703,268,178,-0.0903271958231926,235,121,-0.10921391099691391,209,70,-0.12078560888767242,282,307,-0.06273216754198074,231,252,-0.09362982213497162,198,216,-0.10860812664031982,168,180,-0.11709077656269073
392,403,5.107013407723571e-07,451,369,-0.04459686577320099,486,312,-0.07165755331516266,506,252,-0.09339257329702377,533,197,-0.11626733094453812,405,236,-0.06736581772565842,389,155,-0.10073552280664444,374,103,-0.12202244251966476,359,57,-0.13692094385623932,354,239,-0.06489753723144531,321,146,-0.09706375002861023,299,86,-0.1175520271062851,279,33,-0.13151660561561584,313,266,-0.0653601661324501,266,180,-0.09792566299438477,234,123,-0.11673785746097565,209,73,-0.12822745740413666,281,309,-0.06855102628469467,231,254,-0.10009101033210754,198,217,-0.11525320261716843,169,181,-0.12393277138471603
398,412,4.796945063390012e-07,457,371,-0.036754440516233444,489,308,-0.05879582464694977,510,245,-0.07718580216169357,536,191,-0.09676758944988251,410,233,-0.05301560461521149,393,152,-0.08272221684455872,380,100,-0.1023484468460083,365,55,-0.11608519405126572,359,239,-0.05301765725016594,327,147,-0.08170465379953384,307,88,-0.10130561143159866,288,37,-0.11455943435430527,318,266,-0.05582962930202484,275,180,-0.08502455800771713,243,125,-0.10345398634672165,217,76,-0.1146431490778923,286,307,-0.06090403348207474,240,252,-0.08950310200452805,207,216,-0.10365473479032516,178,181,-0.11150535941123962
398,413,4.783118470186309e-07,458,373,-0.03996368125081062,490,309,-0.06275715678930283,508,246,-0.08121509850025177,535,192,-0.1005132719874382,409,233,-0.05489422008395195,392,153,-0.08439110964536667,378,101,-0.10385939478874207,362,56,-0.11762889474630356,359,238,-0.052987709641456604,327,147,-0.08163263648748398,307,88,-0.1008225753903389,289,37,-0.11379368603229523,319,265,-0.05417315661907196,274,179,-0.08367110788822174,243,125,-0.10146982222795486,218,76,-0.11214563995599747,287,306,-0.05791482701897621,240,251,-0.08668427169322968,208,216,-0.10065236687660217,180,181,-0.10839049518108368
415,401,4.41857054056527e-07,475,358,-0.03164217248558998,506,290,-0.04912726581096649,525,224,-0.06393421441316605,551,172,-0.07994387298822403,426,223,-0.0431397408246994,414,143,-0.0685693770647049,403,92,-0.08528760820627213,391,50,-0.09715867042541504,376,227,-0.04422825202345848,348,136,-0.06892203539609909,331,78,-0.08566717803478241,315,32,-0.09670894593000412,338,253,-0.048074617981910706,293,169,-0.07404807955026627,262,117,-0.09077094495296478,238,71,-0.10090064257383347,310,294,-0.053912203758955,263,241,-0.07925049215555191,234,207,-0.09182710945606232,209,173,-0.09892954677343369
408,407,4.392469179492764e-07,471,361,-0.032840050756931305,505,290,-0.05085279792547226,524,225,-0.06586577743291855,551,174,-0.08176778256893158,427,222,-0.04403550922870636,414,143,-0.0698682963848114,402,93,-0.08687745779752731,389,50,-0.0990363284945488,377,227,-0.04457055404782295,347,138,-0.06995798647403717,331,81,-0.08719337731599808,315,33,-0.0985555425286293,337,254,-0.0479520782828331,292,172,-0.07451266050338745,262,119,-0.0907820537686348,239,70,-0.10045719891786575,307,294,-0.053439315408468246,261,243,-0.07885042577981949,231,207,-0.09107139706611633,207,172,-0.09779604524374008
447,379,4.283162695628562e-07,500,335,-0.03000519797205925,528,266,-0.04536338895559311,543,204,-0.05852773040533066,569,154,-0.07291798293590546,448,206,-0.03866461291909218,438,128,-0.06243964284658432,430,79,-0.07838815450668335,422,37,-0.08981111645698547,400,212,-0.03983473777770996,375,124,-0.06243085861206055,360,67,-0.07834645360708237,347,22,-0.08916696906089783,363,237,-0.04387691244482994,320,156,-0.06809499859809875,292,104,-0.08406603336334229,271,57,-0.0941828116774559,336,276,-0.05002083256840706,290,225,-0.07441344857215881,261,192,-0.08674634993076324,238,157,-0.09399507194757462
442,382,4.641536861527129e-07,500,339,-0.03372427076101303,530,270,-0.0510847307741642,544,208,-0.06516953557729721,568,159,-0.07973270863294601,447,206,-0.04136029630899429,437,128,-0.06574667990207672,430,80,-0.08247028291225433,421,38,-0.09448960423469543,399,210,-0.04036315158009529,372,124,-0.06375337392091751,358,69,-0.08020234853029251,345,23,-0.09123171865940094,362,234,-0.04249776154756546,321,156,-0.06716407835483551,294,105,-0.08339034765958786,273,58,-0.09328680485486984,334,272,-0.0469881147146225,290,223,-0.07134106010198593,261,190,-0.08386749774217606,236,157,-0.09101328998804092
465,376,4.669125530654128e-07,514,329,-0.030883939936757088,538,260,-0.0468856580555439,552,197,-0.060074903070926666,573,147,-0.07408732920885086,458,196,-0.03860584273934364,449,119,-0.06277018785476685,443,71,-0.07985220849514008,435,29,-0.09197674691677094,411,202,-0.03906230255961418,385,115,-0.06138288229703903,370,59,-0.07797001302242279,357,13,-0.08921028673648834,374,227,-0.04242099076509476,333,148,-0.06591474264860153,306,95,-0.08260940760374069,286,47,-0.09318666160106659,347,267,-0.04791776463389397,305,218,-0.07173044979572296,276,183,-0.08412046730518341,253,149,-0.09119108319282532
460,378,4.4754568762073177e-07,512,331,-0.028597770258784294,538,261,-0.0429828017950058,551,199,-0.05513870716094971,572,152,-0.06785114854574203,456,196,-0.032627612352371216,448,120,-0.05472536012530327,443,72,-0.07094021141529083,437,30,-0.08262543380260468,410,202,-0.03328290954232216,384,116,-0.05396630987524986,371,62,-0.06982499361038208,358,17,-0.08062997460365295,374,226,-0.03698955476284027,334,149,-0.05884920805692673,307,95,-0.07497186958789825,286,48,-0.08525829762220383,347,265,-0.04279489815235138,305,217,-0.06483570486307144,276,183,-0.07675933092832565,252,148,-0.08375488221645355
478,370,4.104158506379463e-07,528,318,-0.025100132450461388,554,246,-0.03761780261993408,568,182,-0.048849917948246,589,133,-0.0604177750647068,479,180,-0.023514842614531517,473,106,-0.04349265992641449,469,59,-0.05903096869587898,465,18,-0.07032708823680878,433,185,-0.025182779878377914,409,106,-0.043046724051237106,398,56,-0.05684737488627434,389,13,-0.06628800928592682,397,208,-0.030214043334126472,360,134,-0.049495045095682144,337,84,-0.06204041466116905,321,38,-0.07000403106212616,369,245,-0.037520408630371094,329,197,-0.056816939264535904,303,164,-0.06574457883834839,282,129,-0.0706561729311943
480,370,4.412327143654693e-07,529,320,-0.025984274223446846,555,247,-0.03816967457532883,569,185,-0.048540469259023666,590,137,-0.05911533534526825,477,180,-0.02478458173573017,473,106,-0.04507850483059883,470,59,-0.06088303029537201,468,19,-0.07204504311084747,432,185,-0.025858532637357712,409,100,-0.044037237763404846,398,46,-0.05867515504360199,388,0,-0.06849285960197449,397,207,-0.030142785981297493,359,133,-0.0495554618537426,337,82,-0.06320985406637192,321,36,-0.07179290056228638,369,245,-0.036652572453022,330,198,-0.05612330883741379,304,165,-0.06555990129709244,284,130,-0.07073870301246643
483,367,3.7789232010254636e-07,533,316,-0.02572954259812832,562,245,-0.03867437317967415,577,182,-0.04999156296253204,595,132,-0.06145259365439415,487,176,-0.02405485510826111,485,103,-0.04503879323601723,482,57,-0.0619109570980072,479,15,-0.07409726083278656,441,178,-0.025431571528315544,418,99,-0.043575916439294815,405,48,-0.05853759124875069,394,5,-0.06904339790344238,405,199,-0.030062135308980942,371,126,-0.04867516830563545,351,77,-0.061160679906606674,337,32,-0.06946276128292084,378,234,-0.0370815247297287,339,190,-0.055554747581481934,315,158,-0.06401386111974716,296,125,-0.0686846375465393
496,356,3.754545900847006e-07,543,303,-0.022104041650891304,570,227,-0.03229305520653725,586,166,-0.04149964451789856,608,121,-0.051233921200037,494,167,-0.020924227312207222,492,96,-0.0404762327671051,491,49,-0.05639192461967468,490,9,-0.0678616389632225,450,172,-0.02352641522884369,428,94,-0.0406283363699913,417,42,-0.055331528186798096,408,0,-0.06575703620910645,416,192,-0.029067857190966606,382,119,-0.046629589051008224,363,70,-0.059436358511447906,350,25,-0.06810473650693893,389,227,-0.036711014807224274,350,182,-0.05417140573263168,326,149,-0.062844417989254,309,115,-0.0679941475391388
492,355,3.871591331972013e-07,543,303,-0.022599782794713974,571,228,-0.032621558755636215,586,167,-0.04156491532921791,607,122,-0.05093098804354668,493,167,-0.01974886655807495,491,96,-0.03904278948903084,491,50,-0.05463115870952606,492,10,-0.06584277004003525,450,170,-0.02211621403694153,430,91,-0.03948222100734711,421,39,-0.05416664108633995,414,-3,-0.064235158264637,416,190,-0.02763698808848858,382,118,-0.04617810621857643,363,68,-0.059796545654535294,350,22,-0.06865262985229492,390,226,-0.03518116846680641,352,182,-0.053879592567682266,328,150,-0.06328315287828445,309,116,-0.06873539835214615
518,333,3.403355037789879e-07,563,279,-0.01656416244804859,588,201,-0.02479732222855091,603,143,-0.03313246741890907,624,100,-0.04201965406537056,513,140,-0.01465530414134264,508,73,-0.03286632150411606,509,30,-0.0480586439371109,513,-4,-0.058588434010744095,472,147,-0.019230101257562637,452,72,-0.03435654565691948,447,26,-0.04733734577894211,446,-12,-0.05652168020606041,440,168,-0.026608197018504143,408,102,-0.04158174246549606,393,57,-0.05157963186502457,387,17,-0.05854707211256027,414,203,-0.03590325266122818,375,159,-0.04997967556118965,353,125,-0.05623868480324745,338,90,-0.06008609011769295
516,332,3.3272496580138977e-07,562,277,-0.01737150177359581,586,199,-0.025095783174037933,602,141,-0.03291120007634163,622,99,-0.0414150170981884,513,140,-0.012955958023667336,509,73,-0.030804160982370377,509,29,-0.04627580940723419,512,-7,-0.05712345615029335,471,146,-0.01701580360531807,450,73,-0.031880881637334824,443,26,-0.04537568613886833,440,-13,-0.05491418018937111,438,166,-0.024100419133901596,406,101,-0.038516901433467865,392,55,-0.04899733141064644,385,14,-0.05638330057263374,412,200,-0.03329695761203766,374,158,-0.0473443903028965,352,125,-0.05395802482962608,337,92,-0.058040205389261246
522,325,3.3791786790970946e-07,567,271,-0.015410509891808033,590,193,-0.022085273638367653,605,134,-0.029038704931735992,625,92,-0.03655291348695755,514,134,-0.010310784913599491,510,66,-0.027295392006635666,512,22,-0.04219768941402435,518,-14,-0.05260953679680824,474,140,-0.01464810036122799,456,67,-0.028562964871525764,452,19,-0.041504181921482086,452,-20,-0.050828609615564346,443,159,-0.02203276753425598,412,92,-0.0360601432621479,400,45,-0.046773288398981094,395,5,-0.05439382791519165,419,193,-0.031298063695430756,380,149,-0.045431457459926605,358,115,-0.052854035049676895,343,80,-0.057637255638837814
520,324,3.375371875335986e-07,564,269,-0.01565689779818058,587,191,-0.02282145991921425,604,133,-0.030345886945724487,626,91,-0.03848107159137726,513,133,-0.01075795479118824,510,66,-0.028344741091132164,510,22,-0.04372125491499901,515,-14,-0.05434923246502876,473,138,-0.015462256036698818,454,65,-0.029813699424266815,449,17,-0.04301938787102699,448,-22,-0.052387844771146774,442,157,-0.023229079321026802,411,91,-0.03733162209391594,399,44,-0.04791150614619255,394,3,-0.05535091832280159,416,190,-0.03294449299573898,377,147,-0.04661880061030388,356,114,-0.05326630920171738,342,80,-0.057466715574264526
523,316,3.2514120107407507e-07,566,261,-0.012895459309220314,590,183,-0.018900742754340172,606,127,-0.025687208399176598,627,87,-0.03314322978258133,515,126,-0.008406935259699821,511,60,-0.024860743433237076,513,17,-0.03920314088463783,519,-18,-0.049205463379621506,476,131,-0.013919947668910027,458,59,-0.027464719489216805,454,11,-0.03983384370803833,455,-27,-0.048656754195690155,445,150,-0.02231333963572979,413,84,-0.035843320190906525,399,37,-0.04642723500728607,394,-2,-0.054018694907426834,421,183,-0.03237069398164749,383,139,-0.04553652182221413,361,105,-0.052551593631505966,347,70,-0.05726676061749458
520,316,3.1200178796098044e-07,564,261,-0.013575523160398006,588,184,-0.019707852974534035,605,127,-0.026491861790418625,625,86,-0.033744629472494125,515,127,-0.007765688467770815,512,62,-0.024223018437623978,514,19,-0.038679566234350204,520,-15,-0.04867952689528465,476,131,-0.013041445054113865,458,58,-0.02639310248196125,455,11,-0.038526490330696106,456,-27,-0.04710780084133148,444,148,-0.021360604092478752,414,82,-0.034779779613018036,403,36,-0.04474114626646042,399,-3,-0.051700908690690994,419,180,-0.03146025165915489,380,137,-0.04432856664061546,359,104,-0.05060146749019623,345,70,-0.05463622137904167
522,296,3.5260518416180275e-07,566,243,-0.011534119956195354,588,170,-0.017384391278028488,607,117,-0.024253102019429207,624,78,-0.03148418664932251,516,111,-0.006430529057979584,515,46,-0.021829722449183464,518,5,-0.03543555736541748,525,-28,-0.044716086238622665,478,114,-0.011992223560810089,464,42,-0.024226130917668343,463,-3,-0.03537850081920624,464,-40,-0.04320307448506355,447,131,-0.020307743921875954,416,66,-0.0324191078543663,406,22,-0.041172564029693604,402,-14,-0.04740533232688904,421,162,-0.03023107536137104,384,118,-0.0412328764796257,364,84,-0.046169523149728775,351,50,-0.049481213092803955
524,295,2.878524583138642e-07,566,243,-0.011867117136716843,588,169,-0.017104048281908035,605,116,-0.023219933733344078,622,75,-0.029640475288033485,515,111,-0.0041011120192706585,513,49,-0.018607795238494873,516,8,-0.03175586089491844,521,-24,-0.04092472419142723,478,114,-0.009437330067157745,463,43,-0.021007370203733444,462,-2,-0.03186425939202309,464,-38,-0.039544954895973206,448,129,-0.017872050404548645,419,63,-0.029873721301555634,408,19,-0.039248716086149216,405,-20,-0.04599011316895485,423,158,-0.027943553403019905,385,116,-0.039675213396549225,365,83,-0.04552993178367615,351,50,-0.04946637153625488
524,280,3.4167362628068076e-07,565,229,-0.011621981859207153,587,155,-0.01694301888346672,606,102,-0.023050988093018532,622,63,-0.029407283291220665,516,97,-0.005734458100050688,514,34,-0.020455913618206978,518,-6,-0.033554211258888245,524,-39,-0.04247094318270683,479,100,-0.010814287699759007,465,29,-0.02244678884744644,464,-16,-0.0330851785838604,467,-52,-0.0404834970831871,448,116,-0.01871403120458126,419,51,-0.030262306332588196,409,8,-0.03876654431223869,405,-29,-0.044823057949543,422,145,-0.028245558962225914,386,101,-0.03874330595135689,367,67,-0.043618787080049515,355,32,-0.04693244770169258
524,273,2.9638087539751723e-07,564,222,-0.01149289682507515,587,149,-0.016787970438599586,605,96,-0.02305019274353981,621,56,-0.029696011915802956,516,91,-0.004591742530465126,515,29,-0.01956200785934925,518,-10,-0.032938119024038315,523,-42,-0.04210669547319412,480,94,-0.010077949613332748,464,24,-0.02208682708442211,461,-19,-0.03317274525761604,463,-55,-0.04095953330397606,449,109,-0.018578622490167618,419,45,-0.030665675178170204,407,2,-0.03978187218308449,402,-34,-0.04630562663078308,424,137,-0.028720645233988762,388,94,-0.039871376007795334,368,60,-0.04533949866890907,356,26,-0.049125298857688904
523,273,2.7578084882406984e-07,564,222,-0.011443001218140125,586,150,-0.0161749217659235,602,98,-0.02183982916176319,618,58,-0.02777642384171486,515,92,-0.0032606448512524366,515,31,-0.017413979396224022,518,-8,-0.03034082055091858,522,-40,-0.039420779794454575,479,94,-0.008606724441051483,463,25,-0.020027227699756622,461,-18,-0.03088812716305256,461,-54,-0.03863343968987465,449,109,-0.017011865973472595,419,45,-0.028750400990247726,408,2,-0.037906307727098465,404,-35,-0.044492680579423904,424,136,-0.02706276811659336,388,94,-0.038266871124506,368,60,-0.04392003268003464,354,27,-0.04780937731266022
524,262,2.9364582587732e-07,564,213,-0.011678553186357021,587,141,-0.016638927161693573,603,88,-0.022500434890389442,618,48,-0.028592055663466454,512,82,-0.003691990626975894,511,21,-0.018047424033284187,514,-17,-0.031154638156294823,519,-49,-0.040192849934101105,476,85,-0.008633147925138474,458,17,-0.020142439752817154,455,-25,-0.031049983575940132,454,-60,-0.03867993876338005,447,101,-0.016546526923775673,415,39,-0.028116296976804733,402,-1,-0.03670935705304146,395,-36,-0.04277592897415161,424,128,-0.026157714426517487,388,86,-0.036718305200338364,369,53,-0.04177400842308998,356,20,-0.0451493039727211
521,264,2.7105647859571036e-07,562,215,-0.012004557996988297,585,144,-0.017408812418580055,599,91,-0.023757975548505783,614,50,-0.030336175113916397,513,84,-0.003597563598304987,514,24,-0.018838658928871155,516,-15,-0.032768938690423965,521,-47,-0.04245632141828537,477,85,-0.008860234171152115,460,18,-0.021228082478046417,457,-24,-0.03262554109096527,456,-60,-0.04060749709606171,447,100,-0.01723415032029152,416,39,-0.029618732631206512,403,-2,-0.038249704986810684,397,-38,-0.044231973588466644,423,127,-0.02736138179898262,387,85,-0.03857745602726936,367,52,-0.04364117234945297,353,20,-0.046934038400650024
519,261,2.7485540954330645e-07,560,212,-0.012143786996603012,583,140,-0.017399610951542854,599,87,-0.023581765592098236,614,46,-0.029991883784532547,512,80,-0.00366790103726089,511,20,-0.018915290012955666,513,-19,-0.03297865018248558,517,-51,-0.04273894056677818,475,81,-0.00884602777659893,458,15,-0.02124352566897869,454,-27,-0.032990824431180954,452,-63,-0.04128292202949524,445,97,-0.017130566760897636,415,35,-0.0296954233199358,401,-4,-0.0387892872095108,394,-40,-0.04509067162871361,420,124,-0.02717556059360504,384,82,-0.038630712777376175,364,49,-0.0441574789583683,349,17,-0.047785911709070206
519,260,2.6239769113090006e-07,560,212,-0.012510526925325394,583,141,-0.018120627850294113,598,89,-0.024674423038959503,613,48,-0.03147530555725098,511,80,-0.003915426786988974,511,20,-0.01965215988457203,512,-19,-0.034043993800878525,516,-51,-0.04403463006019592,474,82,-0.009115571156144142,457,16,-0.022123873233795166,451,-26,-0.034239210188388824,449,-62,-0.042741574347019196,445,97,-0.017463652417063713,414,36,-0.03051139973104,400,-4,-0.039666566997766495,393,-39,-0.04592267796397209,421,124,-0.02760258875787258,385,82,-0.03941723704338074,365,49,-0.04499843344092369,350,17,-0.048576921224594116
514,261,2.662205247361271e-07,556,212,-0.012003515847027302,579,141,-0.016992351040244102,594,88,-0.022821767255663872,610,46,-0.02869267761707306,507,79,-0.002113427734002471,507,20,-0.01621769368648529,508,-18,-0.02962961047887802,512,-50,-0.03905392810702324,470,80,-0.007172230165451765,453,14,-0.018436262384057045,449,-27,-0.029369797557592392,448,-62,-0.03709891065955162,439,95,-0.015385298058390617,409,33,-0.0271283071488142,396,-6,-0.035455089062452316,390,-42,-0.04116859659552574,414,123,-0.025381768122315407,377,79,-0.03612479567527771,357,46,-0.04090733826160431,343,13,-0.04394417256116867
515,262,2.5312078832939733e-07,558,213,-0.01171974465250969,581,141,-0.01652413420379162,595,88,-0.022378982976078987,610,46,-0.028405841439962387,507,78,-0.002036005724221468,506,18,-0.016791747882962227,507,-20,-0.030620483681559563,510,-53,-0.04040111228823662,469,80,-0.007470575626939535,451,14,-0.019666969776153564,445,-28,-0.03142620250582695,442,-64,-0.03976910933852196,439,95,-0.01604188047349453,408,34,-0.02866976521909237,394,-6,-0.03762827441096306,386,-42,-0.04378804564476013,415,122,-0.02636001631617546,378,80,-0.03798767551779747,357,47,-0.04346584528684616,343,14,-0.046994879841804504
497,273,2.930395055500412e-07,543,223,-0.015744416043162346,569,151,-0.0226952712982893,586,95,-0.02977307140827179,603,51,-0.037019919604063034,499,88,-0.007982282899320126,500,27,-0.023966820910573006,502,-10,-0.038532886654138565,506,-43,-0.04878820851445198,458,89,-0.01216849870979786,440,19,-0.025182882323861122,436,-23,-0.03677507862448692,435,-58,-0.04499596357345581,424,104,-0.019693613052368164,395,39,-0.03341177478432655,382,-3,-0.042430952191352844,376,-41,-0.04847219958901405,396,134,-0.029147619381546974,360,88,-0.041796158999204636,341,53,-0.04727201908826828,328,18,-0.05060526728630066
498,275,2.893679607041122e-07,544,225,-0.014809388667345047,570,152,-0.02150408737361431,587,95,-0.02854647859930992,604,50,-0.035724181681871414,497,86,-0.0065017095766961575,496,22,-0.02230910211801529,497,-18,-0.03651546686887741,499,-51,-0.04655043035745621,455,87,-0.010989533737301826,436,16,-0.02434467151761055,431,-27,-0.03663685917854309,429,-63,-0.04521244764328003,422,103,-0.01867717131972313,390,37,-0.032540928572416306,376,-5,-0.04236605018377304,368,-43,-0.049017101526260376,396,132,-0.028182225301861763,358,86,-0.04124067351222038,337,51,-0.04744657874107361,322,16,-0.051269661635160446
487,286,2.834119641192956e-07,537,237,-0.01702985353767872,567,162,-0.023766987025737762,584,103,-0.03029528819024563,601,57,-0.0368010550737381,494,94,-0.007641414180397987,494,30,-0.022910581901669502,495,-10,-0.03685017302632332,498,-44,-0.0468551330268383,452,94,-0.011135660111904144,433,21,-0.023800469934940338,429,-24,-0.03540472313761711,428,-61,-0.0436151959002018,417,109,-0.018110942095518112,386,41,-0.03173256292939186,376,-3,-0.04104609042406082,371,-42,-0.04735526069998741,388,138,-0.02716740220785141,351,92,-0.04034920409321785,331,57,-0.04632198065519333,317,21,-0.04995999112725258
489,288,2.9169586923671886e-07,539,237,-0.016040772199630737,567,160,-0.0224083811044693,586,100,-0.028897183015942574,604,54,-0.035506922751665115,492,93,-0.006302318535745144,492,27,-0.02162778750061989,493,-14,-0.035597365349531174,497,-49,-0.04562503471970558,450,94,-0.01018984243273735,432,20,-0.02298802323639393,428,-26,-0.035259030759334564,427,-63,-0.04401671141386032,416,109,-0.017487820237874985,385,41,-0.031037326902151108,373,-3,-0.04124772921204567,368,-43,-0.04839899018406868,389,138,-0.026758290827274323,351,92,-0.040299464017152786,330,57,-0.04723227024078369,315,20,-0.05165572091937065
478,301,2.961252505429002e-07,530,253,-0.019517144188284874,561,177,-0.02778157778084278,580,114,-0.03544028103351593,600,66,-0.04304933547973633,490,103,-0.01072627492249012,491,36,-0.027187075465917587,493,-6,-0.04175024852156639,496,-41,-0.05219638720154762,446,103,-0.013787087984383106,427,25,-0.02744298242032528,424,-20,-0.039430294185876846,424,-57,-0.047871313989162445,409,118,-0.02052083984017372,380,47,-0.035306449979543686,370,0,-0.045176971703767776,366,-42,-0.05178588256239891,379,149,-0.029468748718500137,341,100,-0.04393657669425011,321,63,-0.05035895109176636,307,27,-0.05412613973021507
465,324,3.4946097571264545e-07,522,277,-0.02590787224471569,556,200,-0.03661404177546501,576,132,-0.045288730412721634,598,80,-0.053595833480358124,482,118,-0.0179490614682436,484,46,-0.035017143934965134,484,0,-0.04955890774726868,483,-36,-0.0603465773165226,433,118,-0.018508784472942352,415,35,-0.03311445191502571,410,-11,-0.04563988372683525,408,-51,-0.05459214746952057,393,136,-0.022975558415055275,364,61,-0.03921312466263771,351,12,-0.050368424504995346,343,-31,-0.05783817172050476,360,170,-0.030025746673345566,322,117,-0.04633312299847603,299,80,-0.05409933254122734,281,43,-0.058649200946092606
466,327,3.552384839622391e-07,522,280,-0.026806140318512917,556,202,-0.039032481610774994,577,135,-0.04930939897894859,599,81,-0.05942463129758835,479,119,-0.02106889896094799,481,44,-0.04052239656448364,482,-2,-0.05654951184988022,484,-40,-0.06806664913892746,430,119,-0.021395767107605934,412,35,-0.037618570029735565,408,-13,-0.051085829734802246,405,-53,-0.060679543763399124,391,137,-0.02560301683843136,361,61,-0.04223822057247162,348,12,-0.053517457097768784,340,-30,-0.061328284442424774,361,171,-0.03251083567738533,321,120,-0.04966558516025543,296,83,-0.058057915419340134,276,46,-0.06300858408212662
459,338,3.6825710481025453e-07,518,290,-0.028705071657896042,552,213,-0.041900910437107086,572,144,-0.052873674780130386,595,91,-0.06384134292602539,475,130,-0.026186343282461166,475,51,-0.0470687635242939,474,1,-0.06366577744483948,473,-38,-0.07569132000207901,424,131,-0.02661597542464733,403,43,-0.044770386070013046,395,-8,-0.059477392584085464,389,-50,-0.07011771947145462,384,150,-0.030804084613919258,353,72,-0.04973888024687767,335,20,-0.06299947947263718,322,-25,-0.07207118719816208,351,186,-0.0376616008579731,310,133,-0.056911271065473557,282,96,-0.06676074117422104,259,58,-0.07270319759845734
458,341,3.788943843119341e-07,518,293,-0.030275192111730576,552,216,-0.044519487768411636,570,147,-0.056269217282533646,594,92,-0.06809034943580627,472,129,-0.027731193229556084,475,51,-0.04991018772125244,477,2,-0.06778030842542648,480,-38,-0.08064157515764236,421,130,-0.02729751169681549,400,43,-0.045913681387901306,393,-7,-0.06118617579340935,386,-49,-0.0722639337182045,382,150,-0.030724622309207916,349,73,-0.04944973066449165,331,22,-0.062215596437454224,318,-22,-0.07110945135354996,351,186,-0.03705321624875069,309,134,-0.05616556853055954,283,97,-0.06570982187986374,260,60,-0.07143758237361908
433,359,4.031006710647489e-07,501,314,-0.0354299433529377,539,239,-0.051832057535648346,560,168,-0.06521011888980865,586,114,-0.07885818928480148,460,149,-0.03418537601828575,461,68,-0.057577069848775864,458,16,-0.07596219331026077,454,-28,-0.08965839445590973,403,152,-0.03298627585172653,378,64,-0.05432334542274475,368,11,-0.0710134357213974,360,-32,-0.08309809118509293,359,175,-0.035948216915130615,324,96,-0.05865019932389259,304,44,-0.07362446933984756,288,-2,-0.08346398174762726,324,215,-0.04205523431301117,280,162,-0.06505466997623444,250,124,-0.07678820192813873,225,87,-0.08367185294628143
440,360,4.291925677080144e-07,505,316,-0.03785967454314232,543,239,-0.05516170337796211,560,170,-0.06879214942455292,588,116,-0.08255046606063843,457,150,-0.03744332864880562,459,69,-0.06164596974849701,459,18,-0.08039484918117523,458,-26,-0.0942423865199089,402,152,-0.034461647272109985,378,65,-0.056217994540929794,368,13,-0.07347741723060608,360,-30,-0.08599890023469925,359,175,-0.03559854254126549,324,98,-0.05807940661907196,303,46,-0.07366067171096802,287,-1,-0.08413016051054001,326,213,-0.04005681350827217,281,161,-0.06298866122961044,251,125,-0.07529295235872269,225,87,-0.08270542323589325
407,378,4.817802619072609e-07,478,336,-0.04139096289873123,520,264,-0.06326018273830414,543,193,-0.08101316541433334,573,137,-0.09964387863874435,435,173,-0.05129917338490486,436,89,-0.08168169111013412,435,33,-0.10357755422592163,430,-13,-0.11964394897222519,376,176,-0.050698813050985336,342,83,-0.07958240061998367,325,27,-0.10068707168102264,309,-21,-0.11556018143892288,331,203,-0.05395852401852608,284,120,-0.08457782864570618,252,64,-0.10406733304262161,225,13,-0.11633331328630447,297,247,-0.06018752232193947,245,192,-0.08954606205224991,210,155,-0.10460100322961807,179,117,-0.11349755525588989
406,382,4.820016670237237e-07,478,340,-0.0407109335064888,520,268,-0.061926327645778656,544,198,-0.07897264510393143,573,142,-0.09654579311609268,435,173,-0.05028417333960533,438,87,-0.07854770123958588,434,31,-0.09853366762399673,426,-16,-0.11326698958873749,376,175,-0.048790350556373596,345,80,-0.07575206458568573,326,22,-0.09530404210090637,308,-25,-0.10882817208766937,331,200,-0.05076375603675842,284,116,-0.079245924949646,251,60,-0.09755992144346237,223,10,-0.10905056446790695,297,243,-0.05565803870558739,244,189,-0.08414512127637863,208,152,-0.09839053452014923,176,116,-0.10633334517478943
388,390,4.7252601120817417e-07,464,346,-0.04162580147385597,511,276,-0.06296095252037048,535,205,-0.08032406866550446,569,151,-0.09882519394159317,421,188,-0.051898032426834106,421,100,-0.08076795190572739,416,43,-0.10116635262966156,407,-6,-0.1164780706167221,360,191,-0.05079672858119011,325,96,-0.07923217117786407,303,36,-0.10070203989744186,282,-15,-0.11577179282903671,313,216,-0.05318155139684677,262,131,-0.08413264900445938,224,74,-0.10510852187871933,192,21,-0.11835884302854538,277,259,-0.05840188264846802,222,205,-0.0883525013923645,183,170,-0.10418540239334106,150,135,-0.1134946271777153
388,397,5.034120249547414e-07,464,352,-0.04353022202849388,510,280,-0.06646224856376648,532,208,-0.08498416841030121,564,151,-0.10445288568735123,420,188,-0.05610617995262146,420,99,-0.08735907822847366,414,39,-0.10889293253421783,405,-11,-0.12441569566726685,359,191,-0.054008740931749344,324,94,-0.08420426398515701,305,32,-0.10564564168453217,285,-21,-0.12012957036495209,311,217,-0.05530264601111412,261,132,-0.08673488348722458,223,74,-0.10596898943185806,192,20,-0.11757788062095642,276,261,-0.05964141711592674,221,205,-0.08992234617471695,183,168,-0.10453570634126663,151,132,-0.11237379163503647
384,405,4.7315802476077806e-07,456,358,-0.04119034484028816,498,288,-0.06282886117696762,520,219,-0.08064998686313629,554,166,-0.09969865530729294,402,207,-0.05333023890852928,401,121,-0.08185786753892899,394,66,-0.10154702514410019,382,17,-0.11651986092329025,342,210,-0.05269047990441322,302,114,-0.08144374936819077,274,53,-0.10252749919891357,246,0,-0.11716116219758987,296,236,-0.05535292997956276,237,149,-0.08709968626499176,194,92,-0.10818149149417877,157,41,-0.12124677002429962,263,280,-0.060590729117393494,201,227,-0.0916157141327858,160,193,-0.10754644870758057,124,160,-0.11668293923139572
385,403,5.141751557857788e-07,455,359,-0.043164901435375214,497,291,-0.0671527087688446,519,221,-0.08651577681303024,552,166,-0.10679116100072861,402,208,-0.05857159569859505,400,121,-0.08917851001024246,392,65,-0.10958175361156464,379,16,-0.12441826611757278,341,211,-0.05682829022407532,300,111,-0.08616580069065094,275,50,-0.10571863502264023,250,-2,-0.11911296099424362,294,238,-0.058295369148254395,236,151,-0.08984965085983276,195,93,-0.10871878266334534,160,42,-0.12019237875938416,261,282,-0.06255479902029037,200,229,-0.09327197074890137,159,194,-0.10758917778730392,125,158,-0.11543295532464981
354,417,5.279646870803845e-07,421,382,-0.050020549446344376,465,324,-0.07916886359453201,492,261,-0.10229205340147018,526,207,-0.1269286423921585,368,248,-0.07556968182325363,365,161,-0.10897569358348846,353,104,-0.13129106163978577,336,55,-0.14808708429336548,304,251,-0.07400533556938171,254,152,-0.1065182313323021,219,86,-0.12855876982212067,187,32,-0.1446083039045334,257,280,-0.0755748525261879,189,189,-0.11179264634847641,140,131,-0.13449981808662415,99,81,-0.14895763993263245,227,328,-0.08006007224321365,154,278,-0.11659537255764008,104,249,-0.13420867919921875,62,220,-0.14464721083641052
334,442,4.429303146480379e-07,403,411,-0.04972075670957565,450,353,-0.08007092773914337,479,293,-0.10462357848882675,513,240,-0.1313730776309967,351,282,-0.08186282217502594,342,198,-0.11937776207923889,327,140,-0.14388218522071838,308,90,-0.16182565689086914,283,287,-0.08061430603265762,226,189,-0.11617391556501389,185,126,-0.13969498872756958,144,73,-0.1567603498697281,234,315,-0.08186174184083939,159,228,-0.11902368068695068,105,176,-0.1408509612083435,57,129,-0.15469256043434143,205,358,-0.08600375801324844,132,306,-0.12132338434457779,81,278,-0.13712701201438904,35,252,-0.14650341868400574
340,451,4.595881932800694e-07,408,421,-0.05210557579994202,452,357,-0.08342547714710236,480,297,-0.1087673157453537,513,242,-0.13588623702526093,352,281,-0.08054760098457336,343,197,-0.1198209673166275,330,141,-0.14699585735797882,310,92,-0.16621370613574982,285,286,-0.07945846021175385,226,187,-0.11530045419931412,183,122,-0.13870029151439667,142,68,-0.15494300425052643,238,315,-0.08153614401817322,167,223,-0.1192469522356987,119,162,-0.1398494392633438,76,106,-0.15216733515262604,208,362,-0.08696437627077103,132,308,-0.12352074682712555,81,278,-0.13754066824913025,35,248,-0.14464624226093292
339,461,4.935862421007187e-07,405,429,-0.048932887613773346,450,365,-0.07891687750816345,480,306,-0.10360799729824066,512,251,-0.13008685410022736,349,295,-0.07855791598558426,338,210,-0.11673195660114288,323,152,-0.14154237508773804,302,102,-0.1591092050075531,279,299,-0.07792312651872635,218,199,-0.11283724009990692,179,134,-0.13415801525115967,141,81,-0.14898353815078735,230,327,-0.08028779178857803,151,238,-0.11769411712884903,97,185,-0.1378294825553894,50,137,-0.1496434509754181,200,370,-0.08560810983181,125,316,-0.12099795043468475,75,288,-0.13513749837875366,29,262,-0.14258132874965668
336,457,4.778614766109968e-07,403,427,-0.05128031224012375,449,365,-0.08284103870391846,479,307,-0.10869681090116501,511,253,-0.13636775314807892,349,292,-0.08052024245262146,339,208,-0.11996956169605255,323,153,-0.14685699343681335,301,105,-0.16574029624462128,280,299,-0.07924270629882812,220,200,-0.1152883917093277,176,137,-0.13848264515399933,132,84,-0.15452562272548676,232,328,-0.08099354803562164,158,238,-0.11829839646816254,108,180,-0.1384686976671219,63,127,-0.15046605467796326,202,371,-0.08601962774991989,128,319,-0.12139751762151718,78,291,-0.13487274944782257,33,263,-0.141716867685318
346,476,4.2229731889165123e-07,411,444,-0.049087245017290115,456,376,-0.07879456877708435,485,314,-0.1034187525510788,518,261,-0.12983065843582153,358,302,-0.07582300156354904,347,220,-0.11464241147041321,331,165,-0.1410525143146515,309,117,-0.15983442962169647,288,308,-0.07566270977258682,227,209,-0.11184034496545792,182,147,-0.1351402997970581,137,95,-0.15121346712112427,239,336,-0.0786861926317215,164,246,-0.11606236547231674,113,192,-0.13614937663078308,66,143,-0.14781317114830017,208,379,-0.0849212110042572,133,323,-0.11950255185365677,83,295,-0.13284030556678772,36,267,-0.1396554857492447
345,487,4.5670324766433623e-07,410,449,-0.04878169670701027,454,379,-0.07779056578874588,483,316,-0.10151398926973343,515,263,-0.12668649852275848,355,302,-0.07248687744140625,346,220,-0.10919495671987534,331,166,-0.13493439555168152,308,118,-0.15349547564983368,287,309,-0.07137814909219742,228,210,-0.10568686574697495,185,149,-0.12846755981445312,142,97,-0.14398257434368134,238,337,-0.07341371476650238,164,247,-0.10952020436525345,112,191,-0.1297331601381302,65,141,-0.14131660759449005,207,381,-0.07862965017557144,134,324,-0.11251828819513321,83,294,-0.12583062052726746,38,267,-0.13232667744159698
355,489,4.210740200960572e-07,422,451,-0.04998178407549858,466,379,-0.0782666951417923,494,313,-0.10096555203199387,521,258,-0.12452660501003265,368,295,-0.06794624030590057,356,210,-0.10275255143642426,339,158,-0.1276712417602539,315,112,-0.145793616771698,301,302,-0.06555814296007156,242,201,-0.09881596267223358,197,139,-0.12283831834793091,153,87,-0.139118492603302,253,330,-0.06661957502365112,183,237,-0.1019962728023529,132,180,-0.12401130050420761,87,128,-0.13700330257415771,223,374,-0.07098603248596191,151,318,-0.1060846745967865,99,289,-0.12174501270055771,52,262,-0.12970468401908875
355,475,4.3627372292576183e-07,419,436,-0.04611092060804367,465,369,-0.07412686198949814,494,307,-0.09710390120744705,524,255,-0.12157519161701202,368,292,-0.07035931199789047,358,211,-0.10521284490823746,340,158,-0.12935389578342438,318,112,-0.14676149189472198,300,298,-0.07005924731492996,239,200,-0.10233518481254578,195,140,-0.1237705647945404,154,89,-0.1385488659143448,252,327,-0.07251272350549698,180,240,-0.10608156025409698,128,184,-0.1248655915260315,84,134,-0.13615682721138,222,372,-0.07792489975690842,150,319,-0.10987189412117004,100,290,-0.12215570360422134,56,262,-0.1282549351453781
365,436,4.455671387404436e-07,432,411,-0.05027993023395538,479,352,-0.07961411029100418,507,293,-0.1031668558716774,537,240,-0.12845346331596375,383,276,-0.07474800944328308,375,196,-0.10987696051597595,360,143,-0.13426361978054047,339,97,-0.1518038511276245,318,283,-0.07230477780103683,265,187,-0.10414908081293106,227,125,-0.12570366263389587,191,73,-0.1412740796804428,271,313,-0.07291087508201599,205,221,-0.10735004395246506,159,165,-0.12663695216178894,119,114,-0.13863331079483032,239,359,-0.07680588960647583,170,306,-0.11232339590787888,122,278,-0.1267736703157425,78,251,-0.13437634706497192
369,435,4.1149897356262954e-07,435,409,-0.05062605068087578,479,353,-0.08100711554288864,505,296,-0.10584966838359833,536,243,-0.1324508935213089,384,274,-0.07614445686340332,376,193,-0.11252323538064957,363,141,-0.13770762085914612,344,97,-0.15555766224861145,320,280,-0.0744115561246872,266,185,-0.10707340389490128,229,125,-0.12846674025058746,194,75,-0.14362241327762604,273,310,-0.07592388987541199,207,218,-0.11079910397529602,162,160,-0.13016584515571594,124,108,-0.14202699065208435,244,358,-0.08073475956916809,170,305,-0.11602380871772766,121,276,-0.13006463646888733,78,249,-0.13718676567077637
413,406,5.403217073762789e-07,480,359,-0.037595562636852264,523,294,-0.06040159612894058,545,228,-0.08053307235240936,572,171,-0.10153178870677948,430,219,-0.04991626366972923,427,139,-0.07988933473825455,422,87,-0.10016399621963501,414,42,-0.11382799595594406,372,222,-0.051375508308410645,332,120,-0.07860608398914337,309,53,-0.09596442431211472,288,-2,-0.10737024992704391,327,249,-0.05637558549642563,268,161,-0.08512697368860245,231,103,-0.10162835568189621,202,52,-0.11123312264680862,293,293,-0.06420591473579407,230,238,-0.09160231798887253,189,203,-0.10310280323028564,155,168,-0.1091436967253685
410,409,4.59063983271335e-07,479,365,-0.038113784044981,523,296,-0.058976855129003525,545,228,-0.076329305768013,577,173,-0.09446766972541809,430,216,-0.046427737921476364,428,139,-0.0740237608551979,424,88,-0.09378793835639954,415,44,-0.10816354304552078,371,220,-0.046998243778944016,331,122,-0.07246575504541397,309,61,-0.09075487405061722,288,10,-0.10347486287355423,326,246,-0.05117013305425644,270,161,-0.07972197234630585,233,104,-0.09777385741472244,202,51,-0.10874384641647339,293,290,-0.05803414434194565,232,237,-0.08644621819257736,192,202,-0.09973471611738205,157,165,-0.10703528672456741
430,389,4.585445196880755e-07,495,346,-0.036192093044519424,537,276,-0.05506062135100365,558,207,-0.07091368734836578,586,150,-0.08764210343360901,446,200,-0.0426037460565567,445,120,-0.06938149780035019,442,68,-0.08840120583772659,436,25,-0.10196365416049957,388,203,-0.04323701933026314,352,107,-0.06744146347045898,333,46,-0.08461359143257141,316,-2,-0.0965394452214241,345,229,-0.04760955646634102,295,142,-0.075030118227005,262,83,-0.09296344965696335,236,32,-0.10412419587373734,315,270,-0.05461011826992035,259,217,-0.0828782320022583,221,182,-0.09672483801841736,189,147,-0.10455971211194992
450,379,4.754526230499323e-07,510,332,-0.03592435270547867,545,259,-0.054202087223529816,565,190,-0.06935518234968185,593,135,-0.08479270339012146,460,181,-0.038341134786605835,460,103,-0.06310362368822098,458,54,-0.0812891274690628,454,13,-0.09422571957111359,405,184,-0.03781476989388466,372,93,-0.059666119515895844,356,36,-0.07553514093160629,342,-8,-0.08643140643835068,363,209,-0.04133538901805878,317,126,-0.06586427241563797,288,70,-0.08275270462036133,265,20,-0.09328193217515945,332,250,-0.0476699061691761,280,198,-0.07330336421728134,245,163,-0.08647355437278748,215,127,-0.09384842962026596
450,375,4.490090645958844e-07,511,333,-0.03863634914159775,547,262,-0.058356113731861115,567,194,-0.07431193441152573,597,140,-0.09043444693088531,461,181,-0.042194269597530365,459,103,-0.06762872636318207,458,55,-0.08650411665439606,454,13,-0.10026191920042038,406,182,-0.04007118195295334,374,94,-0.06250084936618805,360,41,-0.07924818992614746,347,-2,-0.09124515950679779,364,206,-0.04189576581120491,320,128,-0.06595722585916519,292,74,-0.08213871717453003,269,25,-0.09269111603498459,332,245,-0.046816930174827576,280,196,-0.07111217826604843,246,163,-0.08335849642753601,217,128,-0.09052515774965286
474,358,4.416765477799345e-07,532,308,-0.029322773218154907,566,228,-0.043959397822618484,587,158,-0.05676169693470001,616,104,-0.069939024746418,483,153,-0.02766989916563034,484,75,-0.050368532538414,485,23,-0.06832726299762726,488,-19,-0.08109602332115173,433,156,-0.02841908298432827,408,73,-0.04806589335203171,399,21,-0.06363627314567566,393,-22,-0.07450481504201889,393,178,-0.032933540642261505,355,102,-0.05342935025691986,335,51,-0.06668008863925934,323,4,-0.07533787935972214,363,217,-0.04020359367132187,317,168,-0.060504186898469925,288,132,-0.0702243447303772,264,95,-0.07576572895050049
472,360,4.2739546302072995e-07,532,311,-0.03270839527249336,567,233,-0.04790225252509117,587,163,-0.06038443744182587,614,109,-0.0728350356221199,484,152,-0.028530573472380638,485,74,-0.0508827343583107,485,24,-0.06893395632505417,487,-18,-0.08224433660507202,432,154,-0.027413515374064445,407,71,-0.04705627262592316,397,20,-0.06343092769384384,391,-22,-0.07523973286151886,392,175,-0.030385125428438187,355,102,-0.050894349813461304,335,52,-0.0648743212223053,321,5,-0.07429138571023941,362,213,-0.03641415014863014,316,166,-0.057168375700712204,286,132,-0.06767220050096512,262,96,-0.07389602810144424
490,341,4.0118959532264853e-07,543,287,-0.024227574467658997,578,206,-0.03657258301973343,600,140,-0.04767433926463127,627,90,-0.05910845473408699,501,134,-0.02336985431611538,501,58,-0.04510246589779854,505,10,-0.062095414847135544,511,-30,-0.07393278181552887,453,137,-0.025730043649673462,434,54,-0.04398226737976074,431,3,-0.05840056762099266,430,-39,-0.0685688778758049,415,157,-0.031593549996614456,381,83,-0.050302691757678986,366,34,-0.06254003942012787,358,-10,-0.0708923414349556,385,193,-0.039837729185819626,341,147,-0.057881008833646774,316,112,-0.06658539175987244,297,75,-0.07190930098295212
490,340,3.66810638752213e-07,545,289,-0.024010218679904938,580,209,-0.035017408430576324,599,143,-0.04478088393807411,624,93,-0.05483642593026161,501,134,-0.020728567615151405,502,59,-0.04111669957637787,506,12,-0.05744573101401329,512,-26,-0.0689760372042656,452,136,-0.022655116394162178,431,53,-0.039755478501319885,425,2,-0.05384093150496483,423,-38,-0.06369629502296448,414,155,-0.02808653749525547,378,83,-0.045437198132276535,363,34,-0.0573422834277153,353,-10,-0.06555938720703125,386,191,-0.03592778742313385,342,146,-0.05341838672757149,316,112,-0.06195751577615738,297,75,-0.06706175208091736
500,333,3.7145480291655986e-07,552,279,-0.021432148292660713,585,198,-0.031572408974170685,604,134,-0.04107402637600899,629,87,-0.05116541311144829,506,128,-0.018630489706993103,509,54,-0.03898118808865547,514,6,-0.05583605542778969,521,-33,-0.06770073622465134,459,130,-0.021958546712994576,439,49,-0.038535069674253464,435,-2,-0.05286020413041115,433,-44,-0.06318031251430511,423,149,-0.028637701645493507,387,78,-0.04531307518482208,373,29,-0.05731174722313881,365,-14,-0.06591898202896118,395,185,-0.03762109577655792,349,140,-0.05442460998892784,324,106,-0.06283595412969589,307,70,-0.06816543638706207
499,332,3.772460388518084e-07,552,280,-0.02247987501323223,586,201,-0.033154480159282684,604,136,-0.04288341477513313,628,88,-0.053011637181043625,506,129,-0.019835932180285454,508,55,-0.040564749389886856,512,7,-0.05731123685836792,518,-32,-0.06902343034744263,458,130,-0.022630725055933,438,47,-0.03989819809794426,433,-4,-0.054174963384866714,432,-46,-0.06413485109806061,422,149,-0.028804700821638107,385,77,-0.046221863478422165,369,27,-0.058335669338703156,362,-17,-0.06669386476278305,395,184,-0.037255123257637024,349,140,-0.05447813868522644,325,106,-0.0628151074051857,308,70,-0.06787251681089401
511,323,3.645104982297198e-07,559,268,-0.018903842195868492,590,189,-0.028460146859288216,609,126,-0.03791538625955582,632,79,-0.04794809967279434,511,119,-0.01552180852741003,513,47,-0.03539663925766945,517,0,-0.05221610143780708,524,-40,-0.06403197348117828,465,122,-0.019882047548890114,445,42,-0.03592745214700699,440,-8,-0.04984483867883682,439,-50,-0.05985235795378685,430,141,-0.027522746473550797,395,70,-0.04338900372385979,382,21,-0.054432958364486694,377,-22,-0.06241052597761154,404,175,-0.03734542801976204,359,132,-0.05304909870028496,337,97,-0.060572631657123566,323,60,-0.0653722956776619
510,321,3.4899733236670727e-07,559,266,-0.018227020278573036,589,189,-0.02755359746515751,608,127,-0.03682471439242363,630,79,-0.046487998217344284,509,121,-0.01363274734467268,512,50,-0.0329444482922554,515,3,-0.04917628690600395,521,-33,-0.06045878306031227,464,122,-0.0179744902998209,442,42,-0.03362669423222542,437,-7,-0.046857237815856934,437,-47,-0.056073565036058426,429,140,-0.02563326247036457,391,71,-0.041193995624780655,377,22,-0.05183124914765358,372,-19,-0.05929270014166832,404,173,-0.0353708490729332,359,131,-0.050367534160614014,336,97,-0.05720404535531998,322,62,-0.06140832602977753
514,317,3.60146657385485e-07,562,262,-0.018031705170869827,590,184,-0.027545442804694176,609,122,-0.037021104246377945,631,74,-0.047079697251319885,513,117,-0.01494188979268074,516,45,-0.03489931672811508,520,-1,-0.051680102944374084,527,-41,-0.06336061656475067,467,119,-0.019550500437617302,448,39,-0.03554840758442879,444,-11,-0.049224767833948135,443,-51,-0.058976221829652786,433,136,-0.027385400608181953,396,67,-0.043110739439725876,383,18,-0.053926993161439896,379,-23,-0.061690930277109146,407,170,-0.03729977831244469,360,127,-0.05273797735571861,338,93,-0.059949424117803574,324,57,-0.06448069214820862
516,315,3.596205431222188e-07,563,259,-0.017656423151493073,592,181,-0.02695883996784687,612,119,-0.03633345291018486,633,71,-0.04626021534204483,514,116,-0.01406089123338461,517,44,-0.03398650884628296,522,-2,-0.05065978690981865,529,-41,-0.06217337027192116,469,117,-0.01881505362689495,448,37,-0.03479917347431183,444,-12,-0.048337534070014954,443,-52,-0.05782272294163704,434,134,-0.02682136371731758,396,65,-0.042512886226177216,383,17,-0.05317709967494011,378,-24,-0.06072789058089256,409,168,-0.036871716380119324,362,126,-0.05207673832774162,340,92,-0.059041500091552734,326,56,-0.06336412578821182
516,314,3.482773820451257e-07,563,258,-0.017185920849442482,592,181,-0.026396773755550385,612,120,-0.03582346439361572,633,72,-0.04579729586839676,514,116,-0.013375436887145042,516,45,-0.0330459401011467,520,0,-0.04946719482541084,526,-38,-0.06080847233533859,468,117,-0.018356289714574814,446,37,-0.0341213084757328,441,-11,-0.047291334718465805,441,-49,-0.056450702250003815,434,134,-0.02657792530953884,394,66,-0.04198969900608063,379,19,-0.052207063883543015,374,-21,-0.05942149460315704,408,167,-0.036815229803323746,361,125,-0.051383376121520996,340,92,-0.05774487927556038,327,56,-0.061686038970947266
525,309,3.573558728930948e-07,571,252,-0.01645219512283802,598,174,-0.025492627173662186,617,113,-0.03482060134410858,636,65,-0.04472280666232109,518,108,-0.013041608966886997,519,37,-0.03260158374905586,524,-9,-0.049210578203201294,530,-48,-0.060560259968042374,473,111,-0.0181703120470047,451,33,-0.03336864709854126,446,-16,-0.046511899679899216,445,-56,-0.05583446845412254,440,130,-0.026448938995599747,402,61,-0.04098604992032051,389,13,-0.05080379918217659,384,-28,-0.057935263961553574,415,163,-0.03675169125199318,370,121,-0.05060087889432907,349,86,-0.05662289261817932,337,49,-0.060407865792512894
523,309,3.3824963452389056e-07,570,254,-0.01638098619878292,598,176,-0.025364894419908524,617,114,-0.03477826341986656,635,66,-0.044611308723688126,517,109,-0.011423432268202305,518,39,-0.030921541154384613,522,-6,-0.04743757098913193,529,-43,-0.05872860923409462,473,110,-0.01686837524175644,450,32,-0.03232357278466225,445,-16,-0.04556400328874588,444,-55,-0.054755717515945435,439,128,-0.025651641190052032,399,61,-0.04074980318546295,385,14,-0.05092570185661316,380,-27,-0.058129437267780304,415,161,-0.03644350543618202,368,120,-0.05070517957210541,347,86,-0.05698537826538086,336,51,-0.06086898595094681
526,307,3.5794897712548845e-07,571,251,-0.016810158267617226,598,172,-0.025773078203201294,618,110,-0.03500869870185852,637,61,-0.04470378905534744,520,105,-0.011749129742383957,522,34,-0.03117983788251877,527,-13,-0.04787294194102287,533,-50,-0.05923524498939514,476,107,-0.01679356023669243,454,29,-0.031815871596336365,449,-21,-0.04513295739889145,449,-60,-0.05450055003166199,442,125,-0.025180218741297722,405,57,-0.03975260630249977,392,8,-0.04994390159845352,387,-33,-0.05733403563499451,417,158,-0.035635996609926224,372,116,-0.049584854394197464,352,82,-0.05571632459759712,341,46,-0.059567950665950775
525,307,3.245564244025445e-07,571,250,-0.015483918599784374,599,171,-0.02360987849533558,618,110,-0.03239107131958008,637,62,-0.041571635752916336,519,105,-0.008642872795462608,521,36,-0.02744009532034397,525,-8,-0.0437936931848526,531,-43,-0.054992739111185074,475,107,-0.014299701899290085,452,29,-0.029013505205512047,447,-19,-0.042182113975286484,447,-57,-0.05139358714222908,442,124,-0.023375332355499268,403,56,-0.03797565773129463,389,9,-0.04832654818892479,385,-32,-0.05574391782283783,418,157,-0.034414347261190414,371,116,-0.04837379604578018,350,83,-0.05466051772236824,339,48,-0.05862061679363251
526,304,3.4320007102905947e-07,572,248,-0.01625669188797474,600,169,-0.02489553578197956,619,107,-0.03388936072587967,638,59,-0.04329206049442291,520,102,-0.010690401308238506,522,32,-0.029879454523324966,526,-14,-0.04639657214283943,533,-51,-0.057670850306749344,477,104,-0.015856564044952393,456,26,-0.03070984221994877,452,-24,-0.04374703764915466,452,-63,-0.052893590182065964,444,121,-0.024401715025305748,407,52,-0.03886186704039574,394,4,-0.04891718178987503,390,-37,-0.056183215230703354,420,153,-0.035000991076231,375,112,-0.048792168498039246,354,78,-0.054903287440538406,343,42,-0.058759935200214386
526,303,3.1948337664289284e-07,572,247,-0.01560501754283905,600,168,-0.0237469132989645,619,108,-0.032417237758636475,637,60,-0.041399918496608734,520,102,-0.009065673686563969,521,34,-0.027823355048894882,525,-10,-0.04390197619795799,532,-46,-0.05495210364460945,477,103,-0.014539974741637707,455,25,-0.0294030774384737,451,-23,-0.04221975430846214,452,-61,-0.05112174525856972,444,120,-0.023451870307326317,405,52,-0.038235150277614594,391,5,-0.04833641275763512,387,-35,-0.05550988018512726,420,152,-0.034340497106313705,374,112,-0.04839511588215828,353,78,-0.05472784489393234,341,43,-0.05872237682342529
526,301,3.2927076176747505e-07,572,245,-0.015352882444858551,600,165,-0.022979633882641792,619,104,-0.031166769564151764,637,55,-0.03972061350941658,520,99,-0.008015758357942104,521,30,-0.026122288778424263,525,-14,-0.04202850162982941,532,-50,-0.0530063696205616,477,100,-0.013518361374735832,455,23,-0.02772863768041134,451,-26,-0.0407046303153038,451,-64,-0.04982136934995651,444,118,-0.02245505154132843,406,50,-0.036577194929122925,392,2,-0.04681213200092316,388,-39,-0.05423485115170479,420,150,-0.033376697450876236,375,109,-0.04685976356267929,355,75,-0.05300618335604668,343,40,-0.05699658393859863
525,302,3.1228046282194555e-07,571,246,-0.014933639205992222,599,166,-0.022442296147346497,618,104,-0.03064715303480625,636,56,-0.0391894094645977,520,99,-0.007258310914039612,521,31,-0.025508280843496323,525,-12,-0.04144604876637459,532,-47,-0.052477747201919556,477,100,-0.013053672388195992,455,22,-0.027567584067583084,452,-26,-0.040437206625938416,453,-64,-0.049409735947847366,444,117,-0.022329628467559814,406,49,-0.037007879465818405,393,2,-0.047178275883197784,389,-39,-0.0544196292757988,420,149,-0.033522460609674454,375,109,-0.04746294394135475,354,76,-0.05369805172085762,343,40,-0.057681236416101456
525,301,3.221078088699869e-07,571,244,-0.01490581501275301,598,166,-0.022665007039904594,617,105,-0.03113311156630516,635,56,-0.04003559798002243,519,100,-0.008378510363399982,521,31,-0.026905952021479607,525,-13,-0.04290350154042244,531,-49,-0.05397406592965126,476,101,-0.014230557717382908,454,23,-0.02892524003982544,450,-25,-0.041826777160167694,450,-64,-0.05084485188126564,442,118,-0.02340777777135372,404,50,-0.03800923004746437,390,3,-0.0481271892786026,386,-38,-0.055390615016222,418,151,-0.03447169438004494,372,111,-0.048414748162031174,352,77,-0.054702308028936386,342,42,-0.05869549140334129
525,302,3.280699729657499e-07,571,245,-0.015228142030537128,598,166,-0.023169346153736115,617,104,-0.0317709743976593,635,56,-0.040816858410835266,519,99,-0.008410317823290825,520,30,-0.02714366838335991,523,-14,-0.04348785802721977,530,-51,-0.054742708802223206,475,100,-0.014126055873930454,454,22,-0.028786253184080124,449,-26,-0.04195095971226692,449,-66,-0.051163144409656525,442,118,-0.023227622732520103,404,50,-0.03778813034296036,391,2,-0.04813486337661743,386,-39,-0.05558038502931595,419,151,-0.03425883874297142,373,111,-0.048109203577041626,353,78,-0.05427440628409386,342,43,-0.058173101395368576
523,304,3.063465783270658e-07,569,247,-0.015422418713569641,597,168,-0.023746401071548462,616,107,-0.0327194407582283,634,58,-0.0421065092086792,517,103,-0.009320546872913837,518,35,-0.027875397354364395,520,-8,-0.043627314269542694,525,-43,-0.054521143436431885,474,104,-0.015166939236223698,451,26,-0.030081843957304955,446,-21,-0.04286862164735794,446,-59,-0.051721297204494476,440,122,-0.02430972270667553,401,55,-0.039151616394519806,388,8,-0.04898443445563316,384,-33,-0.05596943944692612,416,155,-0.035351768136024475,370,116,-0.04935111105442047,350,82,-0.0552581250667572,339,47,-0.058891501277685165
524,307,3.184331944794394e-07,570,249,-0.015948660671710968,598,171,-0.02444617450237274,616,109,-0.03351948782801628,634,60,-0.04302121326327324,517,106,-0.009773097932338715,517,37,-0.02866514027118683,521,-6,-0.04466656595468521,528,-42,-0.05566118657588959,473,108,-0.015374020673334599,450,30,-0.030284719541668892,446,-17,-0.0430084764957428,447,-55,-0.05183617025613785,440,126,-0.024400193244218826,400,58,-0.03939675912261009,387,11,-0.049348536878824234,384,-31,-0.05642354115843773,416,159,-0.03535820171236992,369,120,-0.04969068244099617,349,87,-0.055785514414310455,340,52,-0.05953007936477661
524,306,3.3303959412478434e-07,571,249,-0.016339298337697983,599,171,-0.02497524581849575,617,109,-0.03402569144964218,634,60,-0.04348638653755188,517,105,-0.010368648916482925,518,36,-0.029386937618255615,522,-8,-0.045579440891742706,530,-44,-0.05669084191322327,473,107,-0.01555750984698534,450,30,-0.030407553538680077,446,-17,-0.043200328946113586,448,-55,-0.05214753374457359,440,126,-0.024163682013750076,400,58,-0.03908325731754303,387,11,-0.04916487634181976,384,-30,-0.05638909712433815,416,160,-0.03472837060689926,370,121,-0.049241963773965836,349,88,-0.05566093698143959,339,54,-0.059624649584293365
524,306,3.3947674182854826e-07,570,250,-0.016855396330356598,598,171,-0.026257319375872612,616,110,-0.03593184053897858,633,60,-0.04595029354095459,517,106,-0.012014285661280155,517,37,-0.03185936436057091,522,-8,-0.04830937460064888,530,-43,-0.05931556224822998,473,109,-0.017169194296002388,448,31,-0.032584164291620255,444,-17,-0.04533703252673149,445,-53,-0.054052919149398804,439,127,-0.02572096697986126,400,59,-0.0408514179289341,386,13,-0.050606198608875275,383,-28,-0.05749206990003586,416,161,-0.0362420529127121,370,122,-0.0505438968539238,349,90,-0.056431420147418976,339,56,-0.05993066728115082
524,307,3.3551896194694564e-07,570,250,-0.016950175166130066,598,172,-0.0263117216527462,616,109,-0.03595345839858055,634,60,-0.045952871441841125,517,106,-0.012138186022639275,517,37,-0.03213103488087654,521,-7,-0.04879749193787575,529,-43,-0.059951867908239365,473,109,-0.01728406734764576,447,31,-0.03274985030293465,443,-17,-0.045663345605134964,443,-54,-0.054550182074308395,440,127,-0.02583153359591961,399,60,-0.040946196764707565,386,13,-0.050676945596933365,382,-27,-0.05757807567715645,416,162,-0.03638485446572304,370,123,-0.050686851143836975,350,90,-0.05654561519622803,339,56,-0.06004044786095619
525,307,3.400971309019951e-07,570,249,-0.01600664108991623,598,171,-0.02518252097070217,616,109,-0.034933801740407944,634,60,-0.04508354887366295,517,107,-0.010663448832929134,517,37,-0.030483253300189972,522,-6,-0.04713303968310356,531,-41,-0.058158159255981445,473,109,-0.016273919492959976,448,32,-0.03138083964586258,443,-16,-0.04419161379337311,445,-52,-0.05298469960689545,439,128,-0.025305064395070076,399,61,-0.04008442908525467,385,14,-0.049829207360744476,382,-26,-0.05675503984093666,416,163,-0.036276157945394516,370,124,-0.050113167613744736,349,92,-0.05566307157278061,339,58,-0.05897211655974388
525,307,3.4539419857537723e-07,570,249,-0.016034530475735664,598,170,-0.02518615871667862,616,109,-0.034874990582466125,634,60,-0.04494810849428177,517,106,-0.01081953663378954,517,37,-0.030662015080451965,523,-7,-0.047269608825445175,532,-41,-0.05822409689426422,473,109,-0.016330329701304436,448,32,-0.03139173984527588,444,-16,-0.044110432267189026,446,-52,-0.05283999443054199,440,128,-0.0252743698656559,399,61,-0.04005085304379463,385,15,-0.049820080399513245,382,-25,-0.056766703724861145,416,163,-0.0361507311463356,370,124,-0.050030626356601715,350,92,-0.05568474903702736,339,58,-0.05907748267054558
519,308,3.5400805131757807e-07,565,250,-0.018224380910396576,593,173,-0.028851637616753578,610,112,-0.03964642062783241,629,63,-0.05099112540483475,513,110,-0.016717368736863136,514,39,-0.038171712309122086,519,-4,-0.05552510544657707,527,-37,-0.06682073324918747,468,114,-0.02153211645781994,443,35,-0.03798892721533775,438,-12,-0.05112104490399361,439,-49,-0.06010967120528221,434,135,-0.029542671516537666,394,68,-0.0448966845870018,381,23,-0.05439939722418785,377,-17,-0.061161838471889496,410,171,-0.03959989175200462,365,133,-0.05330593138933182,345,103,-0.058236923068761826,333,72,-0.06104857847094536
520,307,3.5623733651846123e-07,566,250,-0.01830265112221241,594,173,-0.02858319878578186,611,111,-0.03892911970615387,629,61,-0.049896761775016785,513,110,-0.01634332351386547,513,40,-0.03738580271601677,518,-4,-0.054386064410209656,526,-39,-0.06562935560941696,467,114,-0.021070335060358047,442,36,-0.037249594926834106,438,-10,-0.05020970106124878,440,-47,-0.05912553519010544,433,135,-0.029082924127578735,392,69,-0.044696319848299026,379,23,-0.05443596467375755,376,-17,-0.06135978922247887,409,171,-0.039132241159677505,364,133,-0.053764037787914276,343,102,-0.05940908193588257,332,70,-0.06270372867584229
518,310,3.544066942140489e-07,565,253,-0.019578902050852776,594,176,-0.030610479414463043,612,114,-0.04144677147269249,629,64,-0.05275006592273712,511,112,-0.017279596999287605,510,43,-0.0384817011654377,514,0,-0.055727917701005936,522,-34,-0.06696929782629013,466,117,-0.021245723590254784,439,40,-0.037014756351709366,434,-6,-0.049631327390670776,436,-40,-0.0582846961915493,432,138,-0.028560306876897812,392,74,-0.043406207114458084,378,31,-0.05226878449320793,375,-7,-0.058618031442165375,408,175,-0.03807663172483444,363,139,-0.05159090459346771,342,110,-0.05611385405063629,331,80,-0.05856183171272278
519,310,3.5760177752308664e-07,566,253,-0.018943972885608673,594,175,-0.02954523265361786,611,113,-0.040154196321964264,629,64,-0.051348067820072174,512,112,-0.016396909952163696,510,43,-0.03771798685193062,514,0,-0.05503949150443077,523,-35,-0.06636557728052139,466,117,-0.02074313536286354,440,40,-0.036899108439683914,436,-6,-0.049862463027238846,438,-41,-0.05870264396071434,432,138,-0.028464196249842644,391,74,-0.0438813716173172,378,29,-0.05325213819742203,375,-10,-0.0598701611161232,409,175,-0.03831309825181961,363,139,-0.05254395678639412,343,109,-0.0577303022146225,331,77,-0.06063918024301529
518,313,3.643673665010283e-07,566,257,-0.02088407427072525,594,180,-0.03233487531542778,611,117,-0.04331785440444946,629,66,-0.054669491946697235,512,115,-0.018444949761033058,509,46,-0.040142714977264404,513,3,-0.057700809091329575,521,-30,-0.06916143000125885,466,120,-0.02202482521533966,439,42,-0.03826814889907837,434,-4,-0.05121856927871704,435,-41,-0.060009222477674484,431,142,-0.029075196012854576,392,76,-0.04461084306240082,378,30,-0.0540834479033947,375,-11,-0.06074570491909981,407,180,-0.03837207704782486,362,144,-0.05252571031451225,341,115,-0.05735744908452034,329,86,-0.05992402508854866
519,314,3.6652269841397356e-07,566,257,-0.02042543515563011,594,179,-0.03154100477695465,610,116,-0.04232454299926758,629,66,-0.05351271107792854,512,114,-0.017923835664987564,508,44,-0.03964045271277428,512,1,-0.05720442160964012,521,-32,-0.06861698627471924,465,120,-0.021643731743097305,438,42,-0.03781408071517944,432,-4,-0.05099243298172951,434,-41,-0.06002167984843254,431,142,-0.028798211365938187,391,77,-0.04408767446875572,378,31,-0.05359581485390663,375,-9,-0.060361530631780624,406,181,-0.03821241855621338,362,145,-0.05219704657793045,341,116,-0.05713476613163948,329,86,-0.059824731200933456
525,321,2.9429432402139355e-07,574,265,-0.021483074873685837,602,188,-0.032902248203754425,617,125,-0.044145677238702774,634,74,-0.054983753710985184,516,117,-0.01548642199486494,506,51,-0.03779248893260956,512,19,-0.056247010827064514,528,1,-0.06758631020784378,468,126,-0.018427105620503426,436,53,-0.03318876400589943,430,9,-0.04654978588223457,434,-22,-0.05641937255859375,434,151,-0.025392664596438408,396,90,-0.04009838402271271,384,49,-0.0500621572136879,386,13,-0.057475101202726364,409,192,-0.03482766076922417,364,159,-0.04865039139986038,343,133,-0.0540933758020401,331,107,-0.057288337498903275
526,326,3.0916029913896637e-07,579,272,-0.02428818866610527,610,197,-0.03704608231782913,623,135,-0.04939858987927437,641,83,-0.06061903387308121,523,119,-0.015597082674503326,511,51,-0.037897080183029175,518,22,-0.05595513433218002,535,5,-0.06707763671875,474,129,-0.017152735963463783,441,59,-0.03263634443283081,433,18,-0.04588275030255318,437,-13,-0.05535149946808815,438,156,-0.023172030225396156,402,99,-0.03834216296672821,391,61,-0.04780459403991699,393,25,-0.05446597933769226,412,198,-0.032065339386463165,370,166,-0.045413073152303696,347,144,-0.05046110600233078,333,120,-0.053226202726364136
528,327,3.439772910951433e-07,580,272,-0.023041317239403725,609,196,-0.034945596009492874,621,135,-0.04657592996954918,639,84,-0.057008545845746994,521,120,-0.013319024816155434,511,51,-0.03420912101864815,520,20,-0.05110324174165726,538,2,-0.061369072645902634,473,130,-0.01478722132742405,442,59,-0.02909376472234726,435,18,-0.04115378111600876,439,-14,-0.04949156567454338,437,156,-0.020674945786595345,401,99,-0.034846726804971695,391,61,-0.04317567124962807,394,26,-0.0487520657479763,412,198,-0.029371967539191246,370,167,-0.04197022691369057,347,144,-0.04638242349028587,334,120,-0.04839826747775078
541,324,4.0123907751876686e-07,600,277,-0.03153214603662491,635,209,-0.049978867173194885,653,147,-0.06747237592935562,673,94,-0.08381497114896774,550,119,-0.029087230563163757,539,45,-0.05896569788455963,550,22,-0.08137720078229904,572,18,-0.09390421211719513,496,129,-0.02902953140437603,465,55,-0.05025429278612137,462,12,-0.06804124265909195,473,-16,-0.08096212148666382,456,160,-0.033840078860521317,421,108,-0.053949255496263504,413,78,-0.06832143664360046,420,55,-0.0780092254281044,428,205,-0.04183436185121536,386,175,-0.05842836946249008,360,156,-0.06707075983285904,344,138,-0.07247155904769897
539,325,4.0401945966550556e-07,599,277,-0.03230687230825424,636,208,-0.04992218315601349,653,148,-0.06609853357076645,672,94,-0.08081666380167007,544,118,-0.02597571164369583,532,45,-0.05368485301733017,544,22,-0.07540086656808853,568,18,-0.08778281509876251,492,128,-0.024560697376728058,462,56,-0.04365411400794983,458,12,-0.06079000607132912,466,-15,-0.07326032221317291,454,158,-0.02822188287973404,419,106,-0.0464332215487957,412,77,-0.06002591922879219,419,54,-0.06932754814624786,427,203,-0.03527611121535301,386,175,-0.05155639350414276,360,155,-0.06052481010556221,342,136,-0.06591301411390305
554,320,2.8429587928258115e-07,617,278,-0.033758629113435745,653,214,-0.05523838847875595,677,156,-0.07613707333803177,704,107,-0.09677566587924957,571,118,-0.036841683089733124,550,40,-0.07191750407218933,564,20,-0.09901411086320877,592,29,-0.11348863691091537,516,132,-0.03685561567544937,479,66,-0.06284715235233307,480,38,-0.08415108919143677,499,37,-0.0990784764289856,475,164,-0.04199616611003876,437,110,-0.06551863998174667,428,88,-0.08338476717472076,438,85,-0.09514232724905014,444,210,-0.0502702035009861,391,173,-0.07088620960712433,364,155,-0.08358451724052429,352,148,-0.09142067283391953
554,324,2.9372259291449154e-07,616,281,-0.03349606320261955,652,215,-0.054534681141376495,677,157,-0.07473688572645187,704,107,-0.0946042463183403,567,119,-0.03448425605893135,550,40,-0.06848926097154617,564,20,-0.09479260444641113,590,28,-0.10889282077550888,514,131,-0.033932045102119446,479,63,-0.058284908533096313,481,36,-0.07851241528987885,500,34,-0.09281051158905029,474,163,-0.03852240368723869,436,110,-0.060616426169872284,428,88,-0.07730568200349808,437,82,-0.08875832706689835,444,209,-0.046257372945547104,396,176,-0.06577760726213455,369,157,-0.07802096009254456,356,146,-0.08577080816030502
577,328,3.490680171580607e-07,655,294,-0.03275202959775925,709,239,-0.06214825436472893,747,198,-0.09250815212726593,787,160,-0.12468599528074265,630,131,-0.05630095303058624,625,47,-0.10696437954902649,665,43,-0.14432188868522644,707,69,-0.16391697525978088,572,148,-0.06382228434085846,551,66,-0.10973118245601654,592,55,-0.13949841260910034,633,75,-0.1566144824028015,522,185,-0.07540063560009003,495,119,-0.11487305164337158,534,127,-0.13143041729927063,570,156,-0.13792425394058228,479,233,-0.0895279124379158,446,186,-0.11883813142776489,467,194,-0.12599416077136993,493,215,-0.12753088772296906
580,330,3.8085252640485123e-07,655,295,-0.03097156062722206,710,239,-0.05781135708093643,752,196,-0.08508865535259247,802,162,-0.11435513943433762,633,134,-0.054667070508003235,628,46,-0.09879554808139801,664,41,-0.13077412545681,704,68,-0.14826448261737823,577,150,-0.06171475723385811,553,62,-0.10122576355934143,592,57,-0.12606656551361084,631,80,-0.1413710117340088,527,186,-0.07211916148662567,496,115,-0.10839666426181793,535,127,-0.12204283475875854,574,156,-0.12810026109218597,483,234,-0.08490975201129913,446,190,-0.11426657438278198,466,199,-0.1219879612326622,492,219,-0.1246391162276268
605,334,4.970515874447301e-07,680,301,-0.031919561326503754,738,251,-0.06566330045461655,794,217,-0.09999112784862518,857,192,-0.1370108276605606,662,139,-0.07892825454473495,698,64,-0.135526642203331,745,66,-0.17350880801677704,795,91,-0.19504205882549286,604,150,-0.09171438217163086,617,78,-0.14445875585079193,675,76,-0.1745183765888214,729,92,-0.19326254725456238,548,189,-0.10684765875339508,547,139,-0.15783344209194183,606,163,-0.17686046659946442,658,194,-0.18537746369838715,501,245,-0.12372498959302902,479,223,-0.16463083028793335,505,239,-0.176915243268013,539,260,-0.182294100522995
601,343,5.736115440413414e-07,678,301,-0.029756303876638412,736,249,-0.06479942053556442,791,214,-0.10103429853916168,858,189,-0.1401396095752716,654,135,-0.08041750639677048,694,57,-0.13800960779190063,745,62,-0.1763579398393631,798,89,-0.19840216636657715,597,149,-0.09562061727046967,625,74,-0.15147709846496582,686,74,-0.18357282876968384,741,94,-0.2032642811536789,544,191,-0.11276897042989731,549,135,-0.16650722920894623,609,160,-0.1868274211883545,665,191,-0.1957821547985077,498,248,-0.13121479749679565,473,221,-0.17436255514621735,499,232,-0.18815085291862488,536,248,-0.1943524032831192
616,358,4.4357679485074186e-07,720,318,-0.021450504660606384,799,279,-0.05228244513273239,850,261,-0.08694127947092056,886,254,-0.12481029331684113,729,116,-0.05809637904167175,820,84,-0.11415303498506546,886,99,-0.15343250334262848,945,128,-0.17531859874725342,673,124,-0.07841331511735916,763,99,-0.1364322304725647,852,123,-0.17088206112384796,923,158,-0.18870112299919128,615,171,-0.10093409568071365,688,169,-0.16236478090286255,765,228,-0.18626923859119415,822,276,-0.19138938188552856,567,235,-0.1234935075044632,578,239,-0.16855835914611816,609,268,-0.18022744357585907,640,296,-0.1819467544555664
646,341,8.246377660725557e-07,748,321,-0.03490108624100685,831,289,-0.07774568349123001,909,272,-0.12160329520702362,995,259,-0.1714159995317459,749,129,-0.09646078199148178,825,87,-0.16307562589645386,887,92,-0.20969697833061218,952,121,-0.23944129049777985,686,133,-0.11654539406299591,764,100,-0.18606089055538177,844,123,-0.22792194783687592,912,165,-0.2538606822490692,624,176,-0.13846732676029205,687,165,-0.2078939527273178,753,217,-0.24024653434753418,806,265,-0.2563798129558563,575,243,-0.16124089062213898,585,258,-0.21957045793533325,614,298,-0.2432139366865158,645,335,-0.2555196285247803
688,354,7.018641667855263e-07,805,326,-0.021577125415205956,887,308,-0.06071467697620392,931,313,-0.10481377691030502,958,334,-0.15411026775836945,848,144,-0.07933758199214935,955,114,-0.14850234985351562,1025,149,-0.19683776795864105,1081,196,-0.2248098999261856,784,148,-0.10493063926696777,889,127,-0.1723136305809021,976,173,-0.20979180932044983,1043,224,-0.23107467591762543,716,188,-0.1320493370294571,791,195,-0.19554714858531952,860,262,-0.2172912061214447,913,316,-0.22389636933803558,654,247,-0.15971218049526215,664,264,-0.2046482414007187,703,304,-0.2138228416442871,744,343,-0.2155376821756363
700,336,1.031424858410901e-06,823,309,-0.020360972732305527,913,292,-0.06601858884096146,979,309,-0.11637440323829651,1050,336,-0.17488020658493042,892,142,-0.10739386826753616,1024,142,-0.18886812031269073,1099,188,-0.24539141356945038,1158,244,-0.28016364574432373,824,153,-0.14002010226249695,956,162,-0.22388681769371033,1043,221,-0.2731184661388397,1108,279,-0.30421575903892517,753,196,-0.17244741320610046,841,223,-0.2485695779323578,895,289,-0.281654953956604,932,339,-0.29820364713668823,687,255,-0.2040969729423523,710,274,-0.25589725375175476,738,316,-0.270956426858902,763,352,-0.2795106768608093
700,348,1.2790943628715468e-06,837,334,-0.03617154806852341,941,311,-0.09144380688667297,1023,315,-0.14688843488693237,1109,331,-0.2093137502670288,901,154,-0.15005017817020416,1026,159,-0.24552032351493835,1106,200,-0.3096102178096771,1176,256,-0.35116249322891235,827,159,-0.18081769347190857,949,164,-0.28415408730506897,1044,224,-0.3436097204685211,1122,289,-0.3826668858528137,754,199,-0.2108384072780609,837,232,-0.30535995960235596,895,296,-0.3459477722644806,943,348,-0.36792072653770447,687,257,-0.2409239113330841,714,281,-0.3075809180736542,743,319,-0.3315623998641968,769,350,-0.34742647409439087
735,340,1.3053863767709117e-06,859,320,-0.021544888615608215,946,304,-0.07092555612325668,1004,320,-0.12424550205469131,1067,340,-0.1870807707309723,954,162,-0.12697024643421173,1086,162,-0.2107039988040924,1161,207,-0.26903167366981506,1222,262,-0.30776098370552063,885,171,-0.1622890830039978,1021,194,-0.25142166018486023,1109,259,-0.30801162123680115,1177,321,-0.34810730814933777,805,210,-0.19603940844535828,873,233,-0.27935636043548584,918,288,-0.32647696137428284,953,334,-0.35703152418136597,724,266,-0.228125661611557,728,283,-0.291283518075943,753,328,-0.32001060247421265,780,371,-0.34144213795661926
746,334,1.394476726090943e-06,893,313,-0.034911349415779114,1003,292,-0.09711534529924393,1085,303,-0.1593528389930725,1170,315,-0.2332455813884735,963,154,-0.1871517449617386,1092,167,-0.2922542989253998,1166,207,-0.3632030487060547,1233,256,-0.4139367938041687,882,168,-0.22592170536518097,1016,201,-0.34553301334381104,1099,261,-0.4193861782550812,1174,319,-0.4756304919719696,801,214,-0.26127439737319946,878,241,-0.36944884061813354,929,291,-0.4285978674888611,979,337,-0.47111976146698,722,273,-0.2945970892906189,708,285,-0.3803993761539459,730,322,-0.42496559023857117,765,357,-0.46096688508987427
776,320,1.2043126389471581e-06,868,314,-0.054020240902900696,949,308,-0.12148776650428772,1007,329,-0.18474936485290527,1079,344,-0.2575576901435852,942,174,-0.18961305916309357,1063,191,-0.2862590551376343,1141,242,-0.35301336646080017,1213,299,-0.40106120705604553,907,164,-0.2111111730337143,1051,203,-0.3133048415184021,1143,273,-0.3789222240447998,1229,334,-0.43057548999786377,869,181,-0.23131689429283142,980,208,-0.31874099373817444,1078,278,-0.3732771575450897,1165,344,-0.4156261086463928,821,214,-0.2523096799850464,850,226,-0.32008740305900574,902,277,-0.3610028326511383,954,338,-0.39682233333587646
